"13DAMPPOX",0
"24_25VITD2Hm",0
"24_25VITD3Hm",0
"25VITD2Hm",0
"25VITD3Hm",0
"2AMACHYD",0
"2AMACSULT",2
"2AMADPTm",0
"2HBO",2
"2HBt2",1
"2HCO3_NAt",0
"2OXOADOXm",0
"2OXOADPTm",0
"34DHOXPEGOX",2
"34DHPHAMT",2
"34DHPHEt",0
"34DHPLACOX",0
"34DHPLACOX_NADP_",0
"34DHXMANDACOX",0
"34DHXMANDACOX_NADP_",0
"34HPPOR",0
"3AIBTm",1
"3AIBtmi",1
"3DSPHR",1
"3HAO",0
"3HBCDm",1
"3HKYNAKGAT",0
"3HLYTCL",0
"3M4HDXPAC",0
"3MOX4HOXPGALDOX",0
"3MOX4HOXPGALDOX_NADP_",0
"3MOXTYROX",0
"3SALAASPm",1
"3SALACBOXL",0
"3SALATAi",2
"3SALATAim",2
"41R1H2MAE12BOOX",0
"41R2A1H12BOOX",0
"42A12BOOX",0
"4HGLSDm",0
"4HOXPACDOX_NADP_",0
"4NPHSULT",2
"5ADTSTSTERONEGLCte",1
"5ADTSTSTERONESULT",2
"5FTHFt2",0
"5HLTDL",0
"5HOXINDACTO2OX",0
"5HOXINOXDA",0
"5HTRPVESSEC",0
"5MTHFt",0
"5MTHFt2",0
"A_MANASEly",2
"A4GALTc",0
"A4GALTg",0
"A4GNT1g",0
"A4GNT2g",0
"AACTOOR",0
"AATAi",0
"ABO1g",0
"ABO2g",0
"ABO3g",0
"ABO4g",0
"ABO5g",0
"ABO6g",0
"ABO7g",0
"ABO8g",0
"ABO9g",0
"ABTArm",1
"ABUTt2rL",0
"ABUTt4_2_r",0
"ACACT10m",2
"ACACT1rm",2
"ACACT1x",2
"ACACt2m",0
"ACACT4p",2
"ACACT5p",2
"ACACT6p",2
"ACACT7p",2
"ACACT8p",2
"ACACT9p",2
"ACCOACm",0
"ACCOAgt",0
"ACCOALm",2
"ACCOAtr",0
"ACETONEt2",1
"ACETONEt2m",0
"ACGAM6PSi",1
"ACGAMK",2
"ACGAMPM",1
"ACGPID",0
"ACGSm",0
"ACHEe",0
"ACHVESSEC",0
"ACITL",2
"ACNAM9PL",2
"ACNAM9PL2",2
"ACNAMlt",0
"ACNAMPH",1
"ACOAD10m",2
"ACOAD1fm",2
"ACOAD8m",2
"ACOAD9m",2
"ACOAHi",0
"ACOAO7p",0
"ACODA",1
"ACONTm",2
"ACOX22x",0
"ACOX2x",0
"ACP1_FMN_",1
"ACRNtm",2
"ACS2",1
"ACSm",2
"ACSRTNMT",0
"ACTLMO",0
"ACTNMO",0
"ADA",2
"ADAe",2
"ADEt",0
"ADK1m",2
"ADK3",0
"ADK3m",2
"ADKd",0
"ADMDC",1
"ADNCYC",2
"ADNt",0
"ADNt4",0
"ADNtl",0
"ADNtm",0
"ADPMAN",2
"ADPRIBt",1
"ADRNCPT1",1
"ADRNCPT2",0
"ADRNCRNt",2
"ADRNLPVESSEC",0
"ADSK",1
"ADSL1",2
"ADSL2",2
"AG13T16g",1
"AG13T17g",1
"AG13T18g",1
"AG13T1g",1
"AG13T2g",1
"AG13T3g",1
"AGMTm",0
"AGPAT1",2
"AGTim",0
"AGTix",0
"AHANDROSTANGLCte",1
"AHEXASE2ly",2
"AHEXASEly",2
"AIRCr",1
"AKGDm",0
"AKGMALtm",2
"AKGt4_3",0
"AKR1C1",0
"AKR1C41",0
"AKR1C42",0
"AKR1D",0
"AKR1D2",0
"ALAASNNaEx",0
"ALACYSNaEx",1
"ALADGLNexR",0
"ALADGLYexR",0
"ALAGLNexR",0
"ALAGLNNaEx",0
"ALAGLYexR",0
"ALASERNaEx",1
"ALASm",2
"ALAt4",2
"ALATA_L",0
"ALATHRNaEx",1
"ALAtN1",0
"ALCD21_D",2
"ALCD21_L",2
"ALCD22_D",2
"ALCD22_L",2
"ALCD2if",2
"ALCD2yf",2
"ALDD20x",2
"ALDD20xm",0
"ALDD21",0
"ALDD2xm",0
"ALDD2y",2
"ALOX12",0
"ALOX15",0
"ALOX5",0
"ALOX52",0
"ALR2",2
"ALR3",2
"AMACR2p",0
"AMACRp",0
"AMETt2m",1
"AMPDA",2
"AMPTASECGe",0
"AMY1e",2
"AMY2e",2
"ANDRSTRNGLCte",1
"APAT2rm",1
"APRTO2",0
"ARABR",2
"ARACHCPT1",1
"ARACHCPT2",0
"ARACHCRNt",2
"ARACHDt2",0
"ARGDCm",0
"ARGLYSex",2
"ARGNm",0
"ARGSS",0
"ARGt4",0
"ARGtm",0
"ARSA",1
"ASAH1",2
"ASCBt4",0
"ASNALANaEx",0
"ASNCYSNaEx",0
"ASNGLNNaEx",0
"ASNNm",0
"ASNS1",0
"ASNSERNaEx",0
"ASNt4",2
"ASNTHRNaEx",0
"ASNtN1",0
"ASPCTr",0
"ASPDt6",0
"ASPGLUm",1
"ASPt6",0
"ASPTAm",2
"ATPasel",1
"ATPH1e",0
"ATPH2e",0
"ATPtm",2
"B_MANNASEly",1
"B3GALT3g",0
"B3GALT41g",0
"B3GALT42g",0
"B3GALT43g",0
"B3GALT44g",0
"B3GALT5g",0
"B3GNT11g",1
"B3GNT12g",1
"B3GNT310g",0
"B3GNT311g",0
"B3GNT312g",0
"B3GNT313g",0
"B3GNT314g",0
"B3GNT315g",0
"B3GNT31g",0
"B3GNT32g",0
"B3GNT33g",0
"B3GNT34g",0
"B3GNT35g",0
"B3GNT36g",0
"B3GNT37g",0
"B3GNT39g",0
"B3GNT51g",0
"BAAT1x",0
"BAAT2x",0
"BAAT3x",0
"BAAT4x",0
"BACCL",1
"BACCLm",1
"BALAVECSEC",0
"BAMPPALDOX",2
"BBHOX",0
"BCDO",0
"BDHm",1
"BHMT",0
"BILDGLCURt",0
"BILDGLCURte",1
"BILGLCURt",0
"BILGLCURte",1
"BILIRED",2
"BILIRUBt2",0
"BMTer_U",1
"BPNT2",1
"BTND1",0
"BTND1n",0
"BTNDe",0
"BTNDm",0
"BTNPL",1
"BTNPLm",1
"BTNt2",0
"BTNt2m",0
"BTNt3i",2
"BTNt4i",0
"BUP2",0
"BUTt2m",0
"C14STRr",0
"C160CPT1",1
"C160CPT2",0
"C160CRNt",2
"C161CPT1",1
"C161CPT12",1
"C161CPT2",0
"C161CPT22",0
"C161CRN2t",2
"C161CRNt",2
"C180CPT1",1
"C180CPT2",0
"C180CRNt",2
"C181CPT1",1
"C181CPT2",0
"C181CRNt",2
"C204CPT1",1
"C204CPT2",0
"C204CRNt",2
"C226CPT1",1
"C226CPT2",0
"C3STDH1Pr",1
"C3STDH1r",1
"C3STKR2r",2
"C4STMO1r",2
"C4STMO2Pr",1
"C4STMO2r",2
"CAATPS",2
"CAT2p",2
"CAt7r",0
"CATm",2
"CATp",2
"CBL2tm",0
"CBPPer",0
"CBPSam",0
"CBR2",1
"CDIPTr",2
"CDS",1
"CDSm",1
"CEPTC",2
"CEPTE",2
"CERK",0
"CERT1gt",1
"CERT1rt",1
"CERT2gt",1
"CERT2rt",1
"CGLYt3_2_",0
"CH25H",0
"CHAT",0
"CHATn",0
"CHLP",1
"CHLPCTD",1
"CHOLATEt",0
"CHOLATEt2",0
"CHOLATEt3",0
"CHOLD2m",0
"CHOLK",1
"CHOLt4",0
"CHOLtu",0
"CHSTEROLSULT",2
"CHSTEROLt1",1
"CHSTEROLtg",0
"CHTNASE",0
"CHTNASEe",0
"CITRtm",0
"CITt4_2",0
"CITtam",2
"CITtbm",2
"CK",0
"CKc",0
"CLFORtex",0
"CLHCO3tex2",0
"CLI2tex",0
"CLOHtex2",0
"CLOXAtex2",0
"CLPNDCPT1",1
"CLPNDCPT2",0
"CLPNDCRNt",2
"CLS_hs",0
"CMPACNAtg",2
"CMPSAS",2
"CMPSASn",2
"COAtm",1
"COKECBESr",1
"COQ3m",0
"COQ6m",0
"COQ7m",1
"CORE2GTg",1
"CORE3GTg",0
"CORE4GTg",0
"CORE6GTg",1
"CREATt4_2_r",0
"CRNCARtp",0
"CRNt",0
"CRNtHa",0
"CRNtim",2
"CRNtuNa",0
"CSm",2
"CSNAT2m",0
"CSNAT2x",1
"CSNAT3x",0
"CSNATer",0
"CSNATm",0
"CSNATp",0
"CSNATr",0
"CSNt",0
"CYSALANaEx",1
"CYSASNNaEx",0
"CYSGLNNaEx",0
"CYSGLUexR",2
"CYSGLYexR",0
"CYSO",0
"CYSSERNaEx",1
"CYSt4",2
"CYSTA",2
"CYStec",0
"CYSTGLUex",0
"CYSTHRNaEx",1
"CYSTSERex",0
"CYTD",0
"CYTDK1",1
"CYTDn",0
"CYTDt",0
"CYTDt4",0
"CYTDtl",0
"CYTDtm",0
"CYTK10",2
"CYTK10n",2
"CYTK11",2
"CYTK11n",2
"CYTK12",2
"CYTK12n",2
"CYTK13",2
"CYTK13n",2
"CYTK14",2
"CYTK14n",2
"CYTK1m",1
"CYTK1n",2
"CYTK2n",2
"CYTK3",0
"CYTK3n",2
"CYTK4",0
"CYTK4n",2
"CYTK5",2
"CYTK5n",2
"CYTK6",2
"CYTK6n",2
"CYTK7",2
"CYTK7n",2
"CYTK8",2
"CYTK8n",2
"CYTK9",2
"CYTK9n",2
"D3AIBTm",0
"DADA",2
"DADAe",2
"DADNt4",0
"DAGK_hs",2
"DAGKn_hs",1
"DALAOXx",0
"DALAt2r",0
"DARGOp",0
"DASCBR",2
"DASPO1p",0
"DCIm",1
"DCK1n",2
"DCK2n",2
"DCSPTN1CPT1",1
"DCSPTN1CPT2",0
"DCSPTN1CRNt",2
"DCT",0
"DCYTD",0
"DCYTDn",0
"DCYTt",0
"DEBRISOQUINEt",0
"DESAT16_2",0
"DESAT18_10",0
"DESAT18_3",0
"DESAT18_4",0
"DESAT18_5",0
"DESAT18_6",0
"DESAT18_7",0
"DESAT18_8",0
"DESAT18_9",0
"DESAT20_1",0
"DESAT20_2",0
"DESAT24_1",0
"DGAT",0
"DGNSKm",2
"DGSNt",0
"DHAAt1r",2
"DHCR241r",0
"DHCR242r",0
"DHCR243r",0
"DHCR71r",0
"DHCR72r",0
"DHCRD1",2
"DHCRD2",2
"DHDPBMTm",0
"DHEASt",0
"DHEASULT",2
"DHORD9",0
"DHPM1",2
"DHPM2",0
"DINt",0
"D_LACt2",1
"D_LACtm",0
"DLNLCGCPT1",1
"DLNLCGCPT2",0
"DLNLCGCRNt",2
"DLNLCGt",0
"DMATTx",2
"DMGDHm",0
"DNDPt10m",0
"DNDPt11m",0
"DNDPt12m",0
"DNDPt13m",0
"DNDPt14m",0
"DNDPt15m",0
"DNDPt16m",0
"DNDPt17m",0
"DNDPt18m",0
"DNDPt19m",0
"DNDPt1m",0
"DNDPt20m",0
"DNDPt21m",0
"DNDPt23m",0
"DNDPt24m",0
"DNDPt25m",0
"DNDPt28m",0
"DNDPt2m",0
"DNDPt30m",0
"DNDPt31m",0
"DNDPt32m",0
"DNDPt37m",0
"DNDPt38m",0
"DNDPt39m",0
"DNDPt3m",0
"DNDPt40m",0
"DNDPt41m",0
"DNDPt42m",0
"DNDPt43m",0
"DNDPt44m",0
"DNDPt45m",0
"DNDPt46m",0
"DNDPt47m",0
"DNDPt48m",0
"DNDPt49m",0
"DNDPt4m",0
"DNDPt50m",0
"DNDPt51m",0
"DNDPt52m",0
"DNDPt53m",0
"DNDPt54m",0
"DNDPt55m",0
"DNDPt56m",0
"DNDPt57m",0
"DNDPt58m",0
"DNDPt59m",0
"DNDPt5m",0
"DNDPt60m",0
"DNDPt61m",0
"DNDPt62m",0
"DNDPt63m",0
"DNDPt6m",0
"DNDPt7m",0
"DOLPGT3_Ler",0
"DOLPGT3_Uer",0
"DOLPMT3_Uer",1
"DOPABMO",0
"DOPACHRMISO",0
"DOPAMT",2
"DOPASULT",2
"DOPAt4_2_r",0
"DOPAtu",0
"DOPAVESSEC",0
"DORNOp",0
"DPGase",2
"DPGM",2
"DPMVDx",0
"DRPA",0
"DURAD",1
"DURAD2",1
"DURIK1",0
"DURIK1m",0
"DURIt",0
"DUTPDPm",2
"DUTPDPn",2
"EBP1r",2
"EBP2r",2
"ECOAH12m",2
"ECOAH1m",2
"ECOAH1x",0
"ECOAH9m",2
"EHGLAT2m",2
"EHGLATm",2
"EICOSTETCPT1",1
"EICOSTETCPT2",0
"EICOSTETCRNt",2
"ELAIDCPT1",1
"ELAIDCPT2",0
"ELAIDCRNt",2
"ELAIDt",1
"ESTRADIOLGLCt",0
"ESTRADIOLGLCt2",0
"ESTRIOLGLCte",1
"ESTRONEGLCt",0
"ESTRONESt",0
"ESTRONESt2",0
"ESTSULT",2
"ETF",0
"ETFQO",0
"ETHAK",2
"ETHP",1
"ETOHMO",0
"F1PGT",0
"FACOAL140i",0
"FACOAL150",1
"FACOAL160i",2
"FACOAL170",1
"FACOAL180i",2
"FACOAL1812",0
"FACOAL1813",0
"FACOAL181i",1
"FACOAL1821",1
"FACOAL1822",0
"FACOAL1831",2
"FACOAL1832",0
"FACOAL184",0
"FACOAL191",1
"FACOAL200",0
"FACOAL203",0
"FACOAL204",1
"FACOAL2042",0
"FACOAL205",0
"FACOAL206",1
"FACOAL224",0
"FACOAL2251",0
"FACOAL2252",0
"FACOAL226",0
"FACOAL240",0
"FACOAL241",0
"FACOAL244_1",0
"FACOAL245_1",0
"FACOAL245_2",0
"FACOAL246_1",0
"FACOAL260",0
"FACOAL40im",0
"FACOAL80i",0
"FADDP",0
"FAEL183",2
"FAEL184",2
"FAEL204",2
"FAEL205",2
"FAH1",0
"FAH2",0
"FAH3",0
"FALDH",2
"FAOXC11",2
"FAOXC140",2
"FAOXC150m",2
"FAOXC160",2
"FAOXC16080m",2
"FAOXC16080x",0
"FAOXC161802m",2
"FAOXC16180m",2
"FAOXC170m",2
"FAOXC180",2
"FAOXC180x",0
"FAOXC1811601m",2
"FAOXC1811602m",2
"FAOXC1811603m",2
"FAOXC182806m",2
"FAOXC18280m",2
"FAOXC183803m",2
"FAOXC183806m",2
"FAOXC183806x",0
"FAOXC18480m",2
"FAOXC18480x",0
"FAOXC200180m",2
"FAOXC200180x",0
"FAOXC2031836m",2
"FAOXC204",2
"FAOXC204184m",2
"FAOXC2051843m",2
"FAOXC2051843x",0
"FAOXC2242046m",2
"FAOXC2242046x",0
"FAOXC2251836m",2
"FAOXC2251836x",0
"FAOXC2252053m",2
"FAOXC2252053x",0
"FAOXC226",2
"FAOXC226205m",2
"FAOXC226205x",0
"FAOXC240200x",0
"FAOXC241181x",0
"FAOXC2442246x",0
"FAOXC2452253x",0
"FAOXC2452256x",0
"FAOXC246226x",0
"FAOXC260240x",0
"FAOXC80",2
"FAS100COA",2
"FAS120COA",2
"FAS140COA",2
"FAS160COA",2
"FAS180COA",2
"FAS80COA_L",2
"FATP1t",1
"FATP2t",0
"FATP3t",0
"FATP4t",0
"FATP5t",0
"FATP6t",1
"FATP7t",1
"FATP8t",1
"FATP9t",1
"FBA4",2
"FBA5",0
"FBP26",2
"FCLTm",0
"FDH",0
"FE3R2e",0
"FK",1
"FKYNH",0
"FOLR2",0
"FOLt2",0
"FPGS2",1
"FPGS2m",1
"FPGS3",1
"FPGS3m",1
"FPGS4",1
"FPGS4m",1
"FPGS5",1
"FPGS5m",1
"FPGS6",1
"FPGS6m",1
"FPGS7m",1
"FPGS8",1
"FPGS8m",1
"FPGS9",1
"FPGS9m",1
"FPGSm",1
"FRUt1r",0
"FTHFDH",0
"FTHFLm",0
"FUCASE2e",0
"FUCASE2ly",1
"FUCASEe",0
"FUCASEly",1
"FUMAC",0
"FUMm",2
"FUMSO3tm",0
"FUMSO4tm",0
"FUMtm",0
"FUMTSULtm",0
"FUT11g",0
"FUT12g",0
"FUT14g",0
"FUT15g",0
"FUT16g",0
"FUT17g",0
"FUT18g",0
"FUT32g",0
"FUT33g",0
"FUT34g",0
"FUT35g",0
"FUT910g",0
"FUT911g",0
"FUT91g",0
"FUT92g",0
"FUT93g",0
"FUT94g",0
"FUT95g",0
"FUT96g",0
"FUT97g",0
"FUT98g",0
"FUT99g",0
"G14T18g",2
"G14T19g",2
"G14T20g",2
"G14T21g",2
"G14T2g",2
"G14T3g",2
"G14T4g",2
"G14T5g",2
"G3PD2m",0
"G5SDym",2
"G6PDH1rer",0
"G6PDH2rer",2
"G6PPer",0
"G6Pter",0
"GABAVESSEC",0
"GACMTRc",0
"GAL3ST11",0
"GAL3ST12",0
"GALASE10ly",1
"GALASE11ly",1
"GALASE12ly",1
"GALASE13ly",1
"GALASE14ly",1
"GALASE15ly",1
"GALASE16ly",1
"GALASE17ly",1
"GALASE18ly",1
"GALASE19ly",1
"GALASE1ly",1
"GALASE20ly",1
"GALASE3ly",1
"GALASE4ly",1
"GALASE5ly",1
"GALASE6ly",1
"GALASE7ly",1
"GALASE8ly",1
"GALASE9ly",1
"GALC",1
"GALGT1",0
"GALGT2",0
"GALGT3",0
"GALGT4",0
"GALNACT1g",2
"GALNACT2g",2
"GALNACT3g",2
"GALNACT4g",2
"GALNACT5g",2
"GALNTg",2
"GALOR",2
"GALt1r",2
"GALT2g",0
"GALTg",0
"GAMt1r",1
"GAMYe",0
"GAO1",0
"GAO1g",0
"GAO2",0
"GAO2g",0
"GARFT",2
"GASNASE2ly",1
"GASNASE3ly",1
"GASNASEly",1
"GBA",0
"GBAl",0
"GBGT1",0
"GCALDDm",2
"GCC2am",0
"GCC2bim",0
"GCC2cm",0
"GCCam",0
"GCCbim",0
"GCCcm",0
"GCHOLAt",0
"GCHOLAt2",0
"GCNTg",0
"GDPFUCtg",0
"GFUCS",2
"GGH_10FTHF5GLUe",1
"GGH_10FTHF5GLUl",1
"GGH_10FTHF6GLUe",1
"GGH_10FTHF6GLUl",1
"GGH_10FTHF7GLUe",1
"GGH_10FTHF7GLUl",1
"GGH_5DHFe",1
"GGH_5DHFl",1
"GGH_5THFe",1
"GGH_5THFl",1
"GGH_6DHFe",1
"GGH_6DHFl",1
"GGH_6THFe",1
"GGH_6THFl",1
"GGH_7DHFe",1
"GGH_7DHFl",1
"GGH_7THFe",1
"GGH_7THFl",1
"GGLUCT",2
"GGNG",2
"GGT5r",0
"GHMT2rm",2
"GHMT3",0
"GLACO",2
"GLAl",1
"GLB1",1
"GLBRAN",1
"GLCAASE1ly",2
"GLCAASE4ly",2
"GLCAASE5ly",2
"GLCAASE6ly",2
"GLCAASE7ly",2
"GLCAASE8ly",2
"GLCAASE9ly",2
"GLCAE2g",0
"GLCAT2g",2
"GLCAT3g",2
"GLCAT4g",2
"GLCAT5g",2
"GLCAT6g",0
"GLCAT7g",0
"GLCAT8g",0
"GLCAT9g",0
"GLCATg",2
"GLCNACASE1ly",0
"GLCNACASE2ly",0
"GLCNACASE3ly",0
"GLCNACASE4ly",0
"GLCNACASE5ly",0
"GLCNACDASg",0
"GLCNACT1g",0
"GLCNACT2g",0
"GLCNACT3g",0
"GLCNACT4g",0
"GLCNACT5g",0
"GLCt1r",2
"GLCt2_2",0
"GLCtg",1
"GLCURtly",0
"GLDBRAN",2
"GLGNS1",2
"GLNALANaEx",0
"GLNASNNaEx",0
"GLNCYSNaEx",0
"GLNSERNaEx",0
"GLNTHRNaEx",0
"GLNtN1",0
"GLPASE1",2
"GLPASE2",2
"GLU5Km",2
"GLUCYS",0
"GLUDC",0
"GLUDxm",2
"GLUDym",2
"GluForTx",0
"GLUNm",2
"GLUt2m",2
"GLUt6",0
"GLUTCOADHm",2
"GLUVESSEC",0
"GLXO2p",0
"GLYAMDTRc",0
"GLYATm",1
"GLYBt4_2_r",0
"GLYCLTDy",2
"GLYCTO1p",0
"GLYKm",0
"GLYOXm",0
"GLYt4",2
"GLYt7_211_r",0
"GLYVESSEC",0
"GNDer",2
"GNMT",0
"GPAM_hs",0
"GPIAT",0
"GPIDA2er",0
"GPIDAer",0
"GPIMTer_U",0
"GRTTx",2
"GSNt",0
"GSNt4",0
"GSNtl",0
"GTHO",0
"GTHOm",0
"GTHP",2
"GTHPe",2
"GTHPm",2
"GTHS",2
"GTMLTe",0
"GUACYC",0
"GUAD",0
"H2CO3Dm",1
"H2ETer",0
"H2MTer_U",0
"H2O2syn",0
"H2Otm",0
"H3ETer",0
"H3MTer_U",1
"H4ET3er",0
"H4ETer",0
"H5MTer_U",0
"H6_ET2er",0
"H6ET3er",0
"H6_ETer",0
"H6MTer_U",0
"H7ET2er",0
"H7_ETer",0
"H7MTer_U",0
"H7_TAer",1
"H8TAer",1
"HACD1m",2
"HACD1x",2
"HACD9m",2
"HAS1",0
"HAS2",0
"HBZOPT10m",0
"HCO3_CLt",0
"HDCAtr",0
"HDCEAtr",1
"HEX10",2
"HEX4",2
"HGNTOR",0
"HIBDm",2
"HISDC",0
"HISt4",2
"HISTASE",0
"HISTAtu",0
"HISTAVESSEC",0
"HIStiDF",0
"HIStN1",0
"HKt",0
"HKYNH",0
"HMGCOASi",1
"HMGCOASim",0
"HMGLm",2
"HMGLx",2
"HOMt4",1
"HOXG",2
"HPCLx",0
"HPDCACRNCPT1",1
"HPDCACRNCPT2",0
"HPDCACRNt",2
"HPYRR2x",2
"HPYRRy",2
"HS1ly",2
"HS2ly",2
"HS3ly",2
"HS4ly",2
"HSD11B1r",0
"HSD11B2r",0
"HSD17B1",1
"HSD17B2r",0
"HSD17B42x",2
"HSD17B4x",2
"HSD17B7r",0
"HSD17B8r",0
"HSD17B9r",0
"HSD3A1r",0
"HSD3A2r",0
"HSD3B11",0
"HSD3B11r",0
"HSD3B12r",0
"HSD3B13",0
"HSD3B13r",0
"HSD3B2r",0
"HSD3B3r",0
"HSD3B7P",0
"HYPOE",0
"ICDHxm",1
"ICDHy",0
"ICDHyp",0
"ICDHyrm",2
"IDHPOXOX2b",0
"IDHPOXOX3",0
"IDHPOXOX4",0
"IDHPOXOXb",0
"IDOAASE1ly",1
"IDOAASE2ly",1
"IDOAASE3ly",1
"IDOAASE4ly",1
"IDOURtly",0
"ILEt4",0
"ILETAm",1
"ILEtec",0
"INOSTO",0
"INSt",0
"INSt4",0
"INSTt2r",0
"INSTt4",1
"IPDDIx",2
"It",0
"ITCOAL1m",2
"ITCOALm",1
"KAS8",2
"KCC2t",2
"KCCt",2
"KHK",0
"KHK2",0
"KHK3",0
"Kt3g",1
"KYN",0
"KYN3OX",0
"KYNAKGAT",0
"LACZe",1
"LALDO",2
"LAPCOAl",1
"LCADi_D",2
"LCADim",2
"LCAT1e",0
"LCYSTAT",2
"LCYSTCBOXL",0
"LDH_Lm",2
"LEUKTRA4t",0
"LEUKTRB4t",0
"LEUKTRC4t",0
"LEUKTRE4t",0
"LEUKTRF4t",0
"LEUt4",2
"LEUTAm",1
"LEUtec",0
"LFORKYNHYD",0
"LGNCt",1
"LIPOti",2
"L_LACDcm",0
"L_LACtcm",0
"L_LACtm",0
"LNELDCCPT1",1
"LNELDCCPT2",0
"LNELDCCRNt",2
"LNLCCPT1",1
"LNLCCPT2",0
"LNLCCRNt",2
"LNLCt",0
"LNLNCACPT1",1
"LNLNCACPT2",0
"LNLNCACRNt",2
"LNLNCAt",0
"LNLNCGCPT1",1
"LNLNCGCPT2",0
"LNLNCGCRNt",2
"LNLNCGt",0
"LNS14DM",0
"LNSTLSr",1
"LPASE",0
"LPCOXp",0
"LPS",0
"LPS2",0
"LPS2e",0
"LPS3",0
"LPS3e",0
"LPS4e",0
"LRAT",0
"LSTO1r",0
"LSTO2r",0
"LTA4H",2
"LTC4Sr",2
"LTDCL",0
"LYSt4",0
"LYStiDF",1
"LYStm",0
"M4BTAer",1
"M4CET3er",0
"MACACI",0
"MACOXO",0
"MALSO3tm",0
"MALSO4tm",0
"MALTe",0
"MALTly",0
"MALtm",0
"MALTSULtm",0
"MALTt1r",2
"MANt1r",2
"MAOLNOR",0
"MAOX",0
"MCCCrm",1
"MCD",1
"MCDm",1
"MCDp",1
"MCLOR",2
"MCPST",0
"MDHm",2
"ME1m",2
"ME2",1
"ME2m",2
"MECOALm",1
"MECOAS1m",2
"MELATN23DOX",0
"MELATNOX",0
"METAT",2
"METLEUex",2
"METS",2
"METt4",2
"METtec",0
"MEVK1x",1
"MGCHrm",0
"MHISOR",0
"MI1345PP",2
"MI134PP",0
"MI145PK",2
"MI145PP",2
"MI14PP",0
"MI1PS",0
"MI34PP",2
"MLTG1",0
"MLTG1e",0
"MLTG1ly",0
"MMCDm",1
"MMEm",1
"MMMm",2
"MMSAD1m",2
"MMSAD3m",2
"MOGAT",0
"MTAP",2
"MTHFCm",1
"MTHFD2m",1
"MTHFDm",1
"N3Tg",2
"NABTNO",2
"NACASPAH",0
"NACHEX10ly",2
"NACHEX11ly",1
"NACHEX12ly",2
"NACHEX13ly",2
"NACHEX14ly",2
"NACHEX15ly",2
"NACHEX16ly",2
"NACHEX17ly",2
"NACHEX18ly",1
"NACHEX19ly",2
"NACHEX1ly",2
"NACHEX20ly",2
"NACHEX21ly",2
"NACHEX22ly",2
"NACHEX23ly",2
"NACHEX24ly",2
"NACHEX25ly",2
"NACHEX26ly",2
"NACHEX27ly",2
"NACHEX2ly",2
"NACHEX3ly",1
"NACHEX4ly",1
"NACHEX5ly",1
"NACHEX6ly",2
"NACHEX7ly",2
"NACHEX8ly",2
"NACHEX9ly",2
"NACHEXA10ly",1
"NACHEXA11ly",1
"NACHEXA12ly",1
"NACHEXA13ly",1
"NACHEXA14ly",1
"NACHEXA15ly",1
"NACHEXA16ly",1
"NACHEXA17ly",1
"NACHEXA18ly",1
"NACHEXA19ly",1
"NACHEXA1ly",1
"NACHEXA20ly",1
"NACHEXA21ly",1
"NACHEXA22ly",1
"NACHEXA2ly",1
"NACHEXA3ly",1
"NACHEXA4ly",1
"NACHEXA5ly",1
"NACHEXA6ly",1
"NACHEXA7ly",1
"NACHEXA8ly",1
"NACHEXA9ly",1
"NADNe",1
"NADPNe",1
"NAGA2ly",1
"NAGAly",1
"NAHCO3_HCLt",0
"NAIt",0
"NaKt",2
"NAt",1
"NAt3_1g",1
"NAt5",1
"NBAHH_ir",2
"NCCt",0
"NCKt",0
"NCNt",0
"NDP10ex",1
"NDP3ex",1
"NDP6",1
"NDP7er",1
"NDP7ex",1
"NDP7g",1
"NDP8",2
"NDP8ex",1
"NDPK10",1
"NDPK10n",1
"NDPK1m",1
"NDPK1n",1
"NDPK2n",1
"NDPK3m",1
"NDPK3n",1
"NDPK4m",0
"NDPK4n",1
"NDPK5m",1
"NDPK5n",1
"NDPK6m",1
"NDPK6n",1
"NDPK7m",0
"NDPK7n",1
"NDPK8m",1
"NDPK8n",1
"NDPK9n",1
"NH4t3r",0
"NKCC2t",0
"NKCCt",0
"NMNATm",1
"NMNATn",0
"NMNATr",1
"NMNS",2
"NNATn",0
"NNMT",0
"NORANMT",0
"NOS1",0
"NOS2",0
"NP1",2
"NRPPHRSULT",2
"NRPPHRt4_2_r",0
"NRPPHRtu",0
"NRPPHRVESSEC",0
"NS26T2g",0
"NS26Tg",0
"NTD12",1
"NTD1m",0
"NTD2e",1
"NTD2l",1
"NTD4e",1
"NTD4l",1
"NTD5l",1
"NTD5m",0
"NTD7e",1
"NTD7l",1
"NTD9e",1
"NTD9l",1
"NTP3e",1
"NTPP10",2
"NTPP9",2
"O16G1e",0
"O16G2e",0
"OCBTm",0
"OCDCAtr",0
"OCDCEAtr",0
"OCOAT1m",2
"OIVD1m",0
"OIVD2m",0
"OIVD3m",0
"OPAHir",0
"ORNt3m",0
"ORNt4m",0
"ORNTArm",2
"ORNtiDF",1
"ORPT",1
"OXAHCOtex",1
"P45011A1m",0
"P45011B11m",0
"P45011B12m",0
"P45011B21m",0
"P45017A1r",0
"P45017A2r",0
"P45017A3r",0
"P45017A4r",0
"P45019A1r",0
"P45019A2r",0
"P4501B1r",0
"P45021A1r",0
"P45021A2r",0
"P45027A11m",0
"P45027A12m",0
"P45027A13m",0
"P45027A14m",0
"P45027A15m",0
"P45027A16m",0
"P45027A1m",0
"P4502A6",0
"P4502C18",0
"P4502C19",0
"P4502C8",0
"P4502C9",0
"P4502C92",0
"P4502C93",0
"P4502C94",0
"P4502D6",0
"P4502E1",0
"P4502F1",0
"P45039A1r",0
"P4503A4",0
"P4503A43r",0
"P4503A5",0
"P4503A7r",0
"P45046A1r",0
"P4504B1r",0
"P4504F121r",0
"P4504F122r",0
"P4504F123r",0
"P4504F81r",0
"P4507A1r",0
"P4507B11r",0
"P4507B12r",0
"P4508B11r",0
"P4508B13r",0
"P5CDm",0
"P5CRm",0
"P5CRxm",0
"PAFH",1
"PAFHe",0
"PAPStg",2
"PCFLOPm",0
"PCHOLP_hs",0
"PCHOLPg_hs",0
"PCHOLPm_hs",0
"PCHOLPr_hs",0
"PCLAD",0
"PCm",1
"PCRNtm",2
"PCt",0
"PDE1",2
"PDE1g",0
"PDE4",2
"PDE4g",0
"PDE4n",0
"PDHm",0
"PDX5PO",1
"PDXPP",0
"PEAMNO",0
"PEFLIP",2
"PEFLIPm",2
"PEPCK",0
"PEPCKm",0
"PEROXx",0
"PETHCT",0
"PETOHMm_hs",0
"PETOHMr_hs",0
"PFK26",2
"PGCD",1
"PGDI",0
"PGDIr",0
"PGESr",0
"PGISr",0
"PGLer",0
"PGPP_hs",0
"PGPPT",2
"PGS",0
"PGSr",0
"PHCDm",0
"PHEt4",2
"PHETA1m",2
"PHEtec",0
"PHETHPTOX2",0
"PHYCBOXL",0
"PHYHx",0
"PI345P3P",1
"PI345P3Pn",1
"PI345P5P",2
"PI34P5K",2
"PI3P4K",2
"PI3P5K",2
"PI45P3K",2
"PI45P5P",1
"PI45PLC",2
"PI4P3K",2
"PI4P5K",2
"PI4PLC",2
"PI4PLCn",0
"PI5P3K",2
"PI5P4K",2
"PIACGT",0
"PIK3",2
"PIK4",2
"PIK5",2
"PIPLC",2
"PIPLCn",0
"PIter",0
"PLA2_2",0
"PLA2_2e",0
"PMEVKx",2
"PMI12346PH",1
"PMI12346PHn",1
"PNTEH",0
"PNTOt5",2
"PPAer",0
"PPAm",2
"PPAP",0
"PPDOy",2
"PPOR",0
"PPPGOm",1
"PRAGSr",2
"PRASCS",1
"PRDX",2
"PRDXl",0
"PRGNLONESULT",2
"PROD2m",0
"PRODt2r",0
"PROSTGD2t",0
"PROSTGE1t",0
"PROSTGE1t3",0
"PROSTGE2t",0
"PROSTGE2t2",0
"PROSTGE2t3",0
"PROSTGF2t",0
"PROt4",2
"PSDm_hs",2
"PSFLIP",2
"PSFLIPm",2
"PSSA1_hs",2
"PSSA2_hs",0
"PTDCACRNCPT1",1
"PTDCACRNCPT2",0
"PTDCACRNt",2
"PTE2x",0
"PTE3x",0
"PTE4x",0
"PTHPS",1
"PTRCAT1",1
"PTRCOX1",0
"PYAM5POr",1
"PYDXDH",0
"PYDXK",2
"PYDXPP",0
"PYNP2r",2
"PYRt2m",0
"PYRt2p",0
"RAI3",0
"RBK_D",0
"RDH1",0
"RDH1a",2
"RDH2",0
"RDH2a",2
"RDH3",0
"RDH3a",2
"RDH4",0
"RETH",0
"RIBFLVt3",0
"RNMK",1
"RTOTAL3CRNCPT1",1
"RTOTAL3CRNCPT2",0
"RTOTAL3CRNt",2
"S23T2g",1
"S23T4g",1
"S23Tg",1
"S2T1g",0
"S2T2g",0
"S2T3g",0
"S2T4g",1
"S2TASE1ly",0
"S2TASE2ly",0
"S2TASE3ly",0
"S3T1g",0
"S3T2g",0
"S3T3g",0
"S4T1g",0
"S4T2g",0
"S4T3g",0
"S4T6g",0
"S4TASE1ly",1
"S4TASE2ly",1
"S4TASE3ly",1
"S4TASE4ly",1
"S4TASE5ly",1
"S6T16g",0
"S6T17g",0
"S6T18g",0
"S6T19g",0
"S6T1g",0
"S6T20g",0
"S6T21g",0
"S6T22g",0
"S6T23g",0
"S6T24g",0
"S6T25g",0
"S6T2g",0
"S6T3g",0
"S6TASE10ly",1
"S6TASE11ly",1
"S6TASE12ly",1
"S6TASE13ly",1
"S6TASE14ly",1
"S6TASE15ly",1
"S6TASE16ly",1
"S6TASE17ly",1
"S6TASE18ly",1
"S6TASE19ly",1
"S6TASE1ly",1
"S6TASE20ly",1
"S6TASE21ly",1
"S6TASE22ly",1
"S6TASE23ly",1
"S6TASE24ly",1
"S6TASE25ly",1
"S6TASE26ly",1
"S6TASE2ly",1
"S6TASE3ly",1
"S6TASE4ly",1
"S6TASE5ly",1
"S6TASE6ly",1
"S6TASE7ly",1
"S6TASE8ly",1
"S6TASE9ly",1
"SACCD3m",0
"SACCD4m",0
"SADT",1
"SALMCOM",2
"SALMCOM2",1
"SAMHISTA",0
"SARCOXp",0
"SARDHm",0
"SBPP1er",1
"SBPP3er",1
"SBTD_D2",1
"SBTR",2
"SCP21x",2
"SCP22x",2
"SCP2x",2
"SCPx",2
"SERALANaEx",1
"SERASNNaEx",0
"SERCYSNaEx",1
"SERDGLNexR",0
"SERDGLYexR",0
"SERGLNexR",0
"SERGLNNaEx",0
"SERGLYexR",0
"SERHL",0
"SERLYSNaex",0
"SERPT",0
"SERt4",2
"SERTHRNaEx",1
"SERtN1",0
"SFGTH",2
"SGPL12r",2
"SIAASE2ly",1
"SIAASE3ly",1
"SIAASE4ly",1
"SIAASEly",1
"SIAT4Bg",0
"SIAT9g",1
"SLCBK1",0
"SLDx",1
"SMPD3g",2
"SMPD3l",2
"SMPD4",0
"SMS",0
"SO4CLtex2",0
"SO4HCOtex",1
"SO4OXAtex2",0
"SO4t4_2",0
"SOAT12",2
"SPHK21c",0
"SPODMe",0
"SPODMm",0
"SPODMn",2
"SPODMx",2
"SPR",0
"SPRMS",2
"SPTix",0
"SQLEr",0
"SQLSr",2
"SR5AR2r",0
"SR5ARr",0
"SRTNACT",0
"SRTNt6_2_r",0
"SRTNtu",0
"ST3GAL21g",0
"ST3GAL22g",0
"ST3GAL23g",0
"ST3GAL31g",0
"ST3GAL61g",0
"ST3GAL62g",0
"ST6GALNAC21",0
"ST6GALNAC22",0
"ST6GALNAC23",0
"ST6GALNAC24",0
"ST6GALNAC25",0
"ST6GALNAC26",0
"ST6GALNAC27",0
"ST6GALNAC28",0
"ST6GALNAC31",0
"ST6GALNAC62",0
"ST8SIA11",0
"ST8SIA12",0
"ST8SIA51g",0
"ST8SIA52g",0
"ST8SIA53g",0
"ST8SIA54g",0
"ST8SIA55g",0
"ST8SIA56g",0
"STRDNCCPT1",1
"STRDNCCPT2",0
"STRDNCCRNt",2
"STS1",0
"STS1r",0
"STS2",0
"STS2r",0
"SUCCt2m",0
"SUCCt4_2",0
"SUCD1m",1
"SUCOAS1m",2
"SUCOASm",1
"SUCRe",0
"SULFOX",0
"TAURt4_2_r",1
"TAURtcx",1
"TCHOLAt",0
"TCHOLAt2",0
"TETPENT3CPT1",1
"TETPENT3CPT2",0
"TETPENT3CRNt",2
"TETPENT6CPT1",1
"TETPENT6CPT2",0
"TETPENT6CRNt",2
"TETTET6CPT1",1
"TETTET6CPT2",0
"TETTET6CRNt",2
"THBPT4ACAMDASE",0
"THD1m",0
"THFt2",0
"THMDt4",0
"THMMPt4",0
"THMTP",0
"THMTPt",0
"THRALANaEx",1
"THRASNNaEx",0
"THRCYSNaEx",1
"THRGLNexR",0
"THRGLNNaEx",0
"THRGLYexR",0
"THRSERNaEx",1
"THRt4",2
"THYMDt1",0
"THYMDtl",0
"THYMDtm",0
"THYMt",0
"THYOXt",0
"THYOXt2",0
"THYPX",0
"TMABADH",2
"TMDK1m",0
"TMDPP",0
"TMLYSOX",0
"TMNDNCCPT1",1
"TMNDNCCPT2",0
"TMNDNCCRNt",2
"TRDR",2
"TRDR2",2
"TRDR3",2
"TREH",2
"TREHe",0
"TRIODTHYSULT",2
"TRIODTHYt",0
"TRIODTHYt2",0
"TRPHYDRO2",0
"TRPO2",0
"TRPt4",0
"TRYPTAOX",0
"TSTSTERONEGLCte",1
"TSTSTERONESULT",2
"TSULt4_3",0
"TTDCAtr",1
"TTDCPT2",0
"TTDCRNt",2
"TXASr",0
"TYMSULT",2
"TYR3MO2",0
"TYRASE",0
"TYRCBOX",0
"TYRDOPO",0
"TYRDOPO3",0
"TYROXDAc",0
"TYRt",0
"TYRt4",0
"TYRTAm",2
"UAG2EMAi",1
"UDPDOLPT_L",1
"UDPGALtg",0
"UDPGD",0
"UDPGLCAter",0
"UDPGLDCg",1
"UDPGP",0
"UDPXYLtg",0
"UGALGTg",0
"UGALNACtg",0
"UGCG",2
"UGLCNACtg",0
"UGT1A10r",0
"UGT1A1r",0
"UGT1A2r",0
"UGT1A3r",0
"UGT1A4r",0
"UGT1A5r",0
"UGT1A5r2",0
"UGT1A6r",0
"UGT1A7r",0
"UGT1A8r",0
"UGT1A9r",0
"UMPK2",2
"UMPK2n",2
"UMPK3",2
"UMPK3n",2
"UMPK4",2
"UMPK4n",2
"UMPK5",2
"UMPK5n",2
"UMPK6",2
"UMPK6n",2
"UMPK7",2
"UMPK7n",2
"UMPKn",2
"UPPN",0
"URAt",0
"UREAt5",0
"UREAtm",0
"URIDK2m",2
"URIK1",1
"URIt",0
"URIt4",0
"Uritl",0
"VALt4",0
"VALTAm",1
"VALtec",0
"VLCS2p",1
"VLCS2r",1
"VLCSp",1
"VLCSr",1
"XANDp",0
"XAO2x",0
"XAOx",0
"XYLK",0
"XYLTer",0
"XYLUR",2
"r0009",2
"r0013",1
"r0016",0
"r0021",0
"r0022",0
"r0023",2
"r0024",0
"r0027",2
"r0028",0
"r0033",2
"r0034",0
"r0047",1
"r0051",2
"r0062",0
"r0068",2
"r0074",0
"r0081",0
"r0083",2
"r0084",2
"r0085",2
"r0086",2
"r0093",0
"r0097",2
"r0113",1
"r0119",2
"r0122",0
"r0129",1
"r0130",1
"r0139",0
"r0142",0
"r0145",0
"r0149",0
"r0153",0
"r0160",0
"r0165",0
"r0166",2
"r0170",2
"r0173",2
"r0178",0
"r0181",0
"r0186",0
"r0191",2
"r0193",1
"r0196",2
"r0202",0
"r0205",0
"r0208",2
"r0210",0
"r0221",2
"r0224",0
"r0226",0
"r0239",0
"r0242",0
"r0245",2
"r0246",2
"r0249",2
"r0276",2
"r0280",0
"r0281",0
"r0283",1
"r0287",2
"r0301",2
"r0308",2
"r0309",1
"r0310",2
"r0311",2
"r0317",2
"r0319",2
"r0321",1
"r0340",0
"r0354",2
"r0355",2
"r0357",2
"r0358",2
"r0360",2
"r0361",2
"r0363",2
"r0364",2
"r0377",2
"r0380",1
"r0383",2
"r0385",0
"r0386",0
"r0388",1
"r0389",1
"r0390",0
"r0391",1
"r0393",2
"r0394",0
"r0395",0
"r0399",0
"r0402",0
"r0403",0
"r0407",2
"r0408",2
"r0409",2
"r0410",2
"r0413",0
"r0423",2
"r0424",2
"r0425",2
"r0426",2
"r0431",0
"r0432",0
"r0433",0
"r0434",0
"r0437",0
"r0438",0
"r0440",0
"r0441",0
"r0443",0
"r0444",0
"r0450",0
"r0451",2
"r0456",2
"r0463",1
"r0465",1
"r0470",0
"r0472",0
"r0474",0
"r0475",0
"r0483",1
"r0488",1
"r0494",0
"r0497",0
"r0502",0
"r0504",0
"r0509",1
"r0510",0
"r0511",0
"r0512",0
"r0514",0
"r0517",2
"r0522",0
"r0523",0
"r0525",0
"r0531",1
"r0537",2
"r0539",1
"r0541",2
"r0545",0
"r0546",0
"r0547",0
"r0548",0
"r0552",0
"r0553",0
"r0555",2
"r0557",2
"r0560",1
"r0561",0
"r0568",2
"r0573",0
"r0575",2
"r0578",1
"r0579",1
"r0584",0
"r0587",0
"r0590",2
"r0591",0
"r0594",0
"r0595",0
"r0596",2
"r0603",2
"r0604",0
"r0610",2
"r0611",2
"r0615",1
"r0616",1
"r0617",1
"r0618",1
"r0627",1
"r0629",0
"r0630",0
"r0633",1
"r0634",2
"r0636",1
"r0637",1
"r0638",1
"r0639",2
"r0641",1
"r0642",2
"r0643",2
"r0648",1
"r0649",1
"r0650",1
"r0651",0
"r0652",1
"r0653",2
"r0655",2
"r0656",0
"r0660",0
"r0661",0
"r0666",2
"r0669",0
"r0670",0
"r0672",0
"r0673",0
"r0686",0
"r0688",2
"r0698",2
"r0706",0
"r0707",0
"r0714",0
"r0715",0
"r0716",0
"r0717",0
"r0718",0
"r0719",0
"r0720",0
"r0721",0
"r0722",0
"r0723",0
"r0724",2
"r0726",0
"r0727",0
"r0728",0
"r0729",0
"r0730",0
"r0731",0
"r0732",2
"r0733",0
"r0734",0
"r0735",1
"r0737",1
"r0739",2
"r0741",0
"r0743",2
"r0744",2
"r0747",0
"r0750",0
"r0752",0
"r0753",0
"r0754",0
"r0755",0
"r0756",0
"r0757",0
"r0758",2
"r0774",1
"r0779",2
"r0781",1
"r0782",2
"r0783",0
"r0786",2
"r0787",1
"r0791",1
"r0797",0
"r0801",2
"r0812",1
"r0813",0
"r0817",0
"r0819",0
"r0821",0
"r0822",0
"r0829",0
"r0830",0
"r0834",0
"r0835",0
"r0836",0
"r0845",1
"r0879",0
"r0885",0
"r0913",2
"r0915",2
"r0917",2
"r0924",0
"r0934",1
"r0942",0
"r0946",0
"r0954",0
"r0960",0
"r0961",0
"r0983",0
"r0984",0
"r0993",0
"r0995",2
"r0997",1
"r1015",0
"r1026",0
"r1028",0
"r1043",0
"r1044",0
"r1045",0
"r1090",2
"r1135",0
"r1143",0
"r1144",0
"r1147",2
"r1154",0
"r1155",0
"r1156",1
"r1163",0
"r1164",2
"r1165",2
"r1166",2
"r1167",2
"r1168",2
"r1169",2
"r1170",2
"r1171",2
"r1172",2
"r1174",2
"r1175",2
"r1177",2
"r1179",2
"r1181",2
"r1182",2
"r1183",2
"r1251",2
"r1252",2
"r1253",2
"r1254",2
"r1255",2
"r1257",2
"r1259",2
"r1260",2
"r1262",2
"r1374",0
"r1378",2
"r1380",0
"r1382",1
"r1383",1
"r1391",2
"r1392",2
"r1411",1
"r1418",0
"r1427",0
"r1443",0
"r1444",0
"r1445",0
"r1446",0
"r1447",0
"r1448",0
"r1449",0
"r1450",0
"r1451",0
"r1454",0
"r1472",0
"r1474",0
"r1477",0
"r1481",2
"r1487",2
"r1495",0
"r1497",0
"r1498",0
"r1499",0
"r1500",0
"r1501",0
"r1502",0
"r1503",0
"r1514",0
"r1515",0
"r1516",0
"r1517",0
"r1518",0
"r1519",0
"r1520",0
"r1521",0
"r1522",0
"r1523",0
"r1525",0
"r1527",0
"r1529",0
"r1530",0
"r1531",0
"r1532",0
"r1533",0
"r1536",0
"r1538",0
"r1540",1
"r1544",2
"r1546",2
"r1547",2
"r1548",2
"r1549",2
"r1551",2
"r1552",2
"r1553",2
"r1554",2
"r1556",2
"r1557",2
"r1559",2
"r1560",2
"r1561",2
"r1562",2
"r1563",2
"r1564",2
"r1565",2
"r1566",2
"r1567",2
"r1568",2
"r1569",2
"r1570",2
"r1571",2
"r1573",2
"r1574",2
"r1575",2
"r1576",2
"r1578",2
"r1579",2
"r1580",2
"r1581",2
"r1583",2
"r1584",2
"r1585",2
"r1586",2
"r1587",2
"r1588",2
"r1589",2
"r1590",2
"r1591",2
"r1592",2
"r1593",2
"r1594",2
"r1595",2
"r1596",2
"r1597",2
"r1598",2
"r1599",2
"r1600",2
"r1602",2
"r1603",2
"r1604",2
"r1605",2
"r1606",2
"r1607",2
"r1608",2
"r1609",2
"r1610",2
"r1611",2
"r1612",2
"r1613",2
"r1614",2
"r1615",2
"r1616",2
"r1617",2
"r1618",2
"r1619",2
"r1620",2
"r1621",2
"r1622",2
"r1623",2
"r1624",2
"r1625",2
"r1626",2
"r1627",2
"r1628",2
"r1629",2
"r1630",2
"r1631",2
"r1632",2
"r1633",2
"r1634",2
"r1635",2
"r1636",2
"r1637",2
"r1638",2
"r1639",2
"r1640",2
"r1641",2
"r1642",2
"r1643",2
"r1644",2
"r1645",2
"r1646",2
"r1647",2
"r1648",2
"r1649",2
"r1650",2
"r1651",2
"r1652",2
"r1653",2
"r1654",2
"r1655",2
"r1656",2
"r1657",2
"r1658",2
"r1659",2
"r1660",2
"r1661",2
"r1662",2
"r1664",2
"r1665",2
"r1666",2
"r1668",2
"r1669",2
"r1670",2
"r1671",2
"r1672",2
"r1673",2
"r1674",2
"r1675",2
"r1676",2
"r1677",2
"r1678",2
"r1679",2
"r1680",2
"r1681",2
"r1682",2
"r1683",2
"r1684",2
"r1685",2
"r1686",2
"r1687",2
"r1690",2
"r1691",2
"r1692",2
"r1693",2
"r1695",2
"r1696",2
"r1698",2
"r1700",2
"r1701",2
"r1702",2
"r1705",2
"r1706",2
"r1707",2
"r1708",2
"r1710",2
"r1711",2
"r1713",2
"r1715",2
"r1716",2
"r1717",2
"r1720",2
"r1721",2
"r1722",2
"r1723",2
"r1725",2
"r1726",2
"r1728",2
"r1730",2
"r1731",2
"r1732",2
"r1733",2
"r1734",2
"r1735",2
"r1736",2
"r1737",2
"r1738",2
"r1739",2
"r1740",2
"r1741",2
"r1742",2
"r1743",2
"r1744",2
"r1745",2
"r1746",2
"r1747",2
"r1748",2
"r1749",2
"r1750",2
"r1751",2
"r1752",2
"r1753",2
"r1754",2
"r1755",2
"r1756",2
"r1757",2
"r1758",2
"r1759",2
"r1760",2
"r1761",2
"r1762",2
"r1763",2
"r1764",2
"r1765",2
"r1766",2
"r1767",2
"r1768",2
"r1769",2
"r1770",2
"r1771",2
"r1772",2
"r1773",2
"r1774",2
"r1775",2
"r1776",2
"r1777",2
"r1778",2
"r1779",2
"r1780",2
"r1781",2
"r1782",2
"r1783",2
"r1784",2
"r1785",2
"r1786",2
"r1787",2
"r1788",2
"r1789",2
"r1790",2
"r1791",2
"r1792",2
"r1796",2
"r1797",2
"r1798",2
"r1799",2
"r1800",2
"r1801",2
"r1803",2
"r1805",2
"r1806",2
"r1807",2
"r1808",2
"r1809",2
"r1810",2
"r1811",2
"r1812",2
"r1813",2
"r1814",2
"r1815",2
"r1816",2
"r1817",2
"r1818",2
"r1819",2
"r1820",2
"r1821",2
"r1822",2
"r1823",2
"r1824",2
"r1825",2
"r1826",2
"r1827",2
"r1828",2
"r1829",2
"r1830",2
"r1831",2
"r1832",2
"r1833",2
"r1834",2
"r1835",2
"r1836",2
"r1837",2
"r1841",2
"r1842",2
"r1843",2
"r1844",2
"r1846",2
"r1847",2
"r1848",2
"r1850",2
"r1851",2
"r1852",2
"r1853",2
"r1854",2
"r1855",2
"r1856",2
"r1857",2
"r1858",2
"r1859",2
"r1860",2
"r1861",2
"r1862",2
"r1863",2
"r1864",2
"r1865",2
"r1866",2
"r1867",2
"r1871",2
"r1872",2
"r1873",2
"r1874",2
"r1876",2
"r1877",2
"r1879",2
"r1880",2
"r1881",2
"r1882",2
"r1883",2
"r1884",2
"r1885",2
"r1886",2
"r1887",2
"r1888",2
"r1889",2
"r1890",2
"r1891",2
"r1892",2
"r1893",2
"r1894",2
"r1895",2
"r1896",2
"r1897",2
"r1898",2
"r1899",2
"r1900",2
"r1901",2
"r1902",2
"r1903",2
"r1904",2
"r1905",2
"r1906",2
"r1907",2
"r1908",2
"r1909",2
"r1910",2
"r1911",2
"r1912",2
"r1913",2
"r1914",2
"r1915",2
"r1916",2
"r1917",2
"r1918",2
"r1919",2
"r1920",2
"r1921",2
"r1922",2
"r1923",2
"r1924",2
"r1925",2
"r1926",2
"r1928",2
"r1929",2
"r1930",2
"r1931",2
"r1932",2
"r1933",2
"r1934",2
"r1935",2
"r1936",2
"r1937",2
"r1938",2
"r1939",2
"r1940",2
"r1941",2
"r1942",2
"r1943",2
"r1944",2
"r1945",2
"r1946",2
"r1947",2
"r1948",2
"r1949",2
"r1950",2
"r1951",2
"r1952",2
"r1953",2
"r1954",2
"r1955",2
"r1956",2
"r1957",2
"r1958",2
"r1959",2
"r1960",2
"r1961",2
"r1962",2
"r1963",2
"r1964",2
"r1965",2
"r1966",2
"r1967",2
"r1968",2
"r1969",2
"r1970",2
"r1971",2
"r1972",2
"r1973",2
"r1974",2
"r1975",2
"r1976",2
"r1977",2
"r1978",2
"r1979",2
"r1980",2
"r1981",2
"r1982",2
"r1983",2
"r1984",2
"r1985",2
"r1986",2
"r1987",2
"r1988",2
"r1989",2
"r1990",2
"r1991",2
"r1992",0
"r1993",0
"r1994",0
"r1995",0
"r1996",0
"r1997",0
"r1998",0
"r1999",0
"r2000",0
"r2001",0
"r2002",0
"r2003",0
"r2004",0
"r2005",0
"r2006",0
"r2007",0
"r2008",0
"r2009",0
"r2010",0
"r2011",0
"r2012",0
"r2013",0
"r2014",0
"r2015",0
"r2016",0
"r2017",0
"r2018",0
"r2019",0
"r2020",0
"r2021",0
"r2022",0
"r2023",0
"r2024",0
"r2026",0
"r2027",0
"r2028",0
"r2029",0
"r2030",0
"r2031",0
"r2032",0
"r2034",0
"r2035",0
"r2036",0
"r2037",0
"r2038",0
"r2039",0
"r2040",0
"r2041",0
"r2042",0
"r2043",0
"r2044",0
"r2045",0
"r2046",0
"r2047",0
"r2048",0
"r2049",0
"r2050",0
"r2051",0
"r2052",0
"r2053",0
"r2054",0
"r2055",0
"r2056",0
"r2057",0
"r2058",0
"r2059",0
"r2060",0
"r2061",0
"r2062",0
"r2063",0
"r2064",0
"r2065",0
"r2066",0
"r2067",0
"r2068",0
"r2069",0
"r2070",0
"r2071",0
"r2073",0
"r2079",0
"r2080",0
"r2081",0
"r2082",0
"r2083",0
"r2084",0
"r2085",0
"r2086",0
"r2087",0
"r2088",0
"r2089",0
"r2090",0
"r2091",0
"r2092",0
"r2093",0
"r2094",0
"r2095",0
"r2096",0
"r2097",0
"r2098",0
"r2099",0
"r2100",0
"r2101",0
"r2102",0
"r2103",0
"r2104",0
"r2105",0
"r2106",0
"r2107",0
"r2108",0
"r2109",0
"r2110",0
"r2111",0
"r2112",0
"r2113",0
"r2114",0
"r2115",0
"r2116",0
"r2117",0
"r2118",0
"r2119",0
"r2120",0
"r2121",0
"r2122",0
"r2123",0
"r2124",0
"r2125",0
"r2126",0
"r2127",0
"r2128",0
"r2129",0
"r2130",0
"r2131",0
"r2132",0
"r2133",0
"r2136",0
"r2139",0
"r2140",0
"r2141",0
"r2142",0
"r2143",0
"r2144",0
"r2145",0
"r2146",0
"r2147",0
"r2148",0
"r2149",0
"r2150",0
"r2151",0
"r2152",0
"r2153",0
"r2154",0
"r2155",0
"r2156",0
"r2157",0
"r2158",0
"r2159",0
"r2160",0
"r2161",0
"r2162",0
"r2163",0
"r2164",0
"r2165",0
"r2166",0
"r2167",0
"r2168",0
"r2169",0
"r2170",0
"r2171",0
"r2172",0
"r2173",0
"r2174",0
"r2175",0
"r2176",0
"r2177",0
"r2178",0
"r2179",0
"r2180",0
"r2181",0
"r2182",0
"r2183",0
"r2184",0
"r2185",0
"r2186",0
"r2187",0
"r2188",0
"r2189",0
"r2190",0
"r2191",0
"r2192",0
"r2193",0
"r2194",0
"r2195",0
"r2196",0
"r2197",0
"r2198",0
"r2199",0
"r2200",0
"r2201",0
"r2202",0
"r2203",0
"r2204",0
"r2205",0
"r2206",0
"r2207",0
"r2208",0
"r2209",0
"r2210",0
"r2211",0
"r2212",0
"r2213",0
"r2214",0
"r2215",0
"r2216",0
"r2217",0
"r2218",0
"r2219",0
"r2220",0
"r2221",0
"r2222",0
"r2223",0
"r2224",0
"r2225",0
"r2226",0
"r2227",0
"r2228",0
"r2229",0
"r2230",0
"r2231",0
"r2232",0
"r2233",0
"r2234",0
"r2235",0
"r2236",0
"r2237",0
"r2238",0
"r2239",0
"r2240",0
"r2241",0
"r2242",0
"r2243",0
"r2244",0
"r2245",0
"r2246",0
"r2247",0
"r2248",0
"r2249",0
"r2250",0
"r2251",0
"r2252",0
"r2253",0
"r2254",0
"r2255",0
"r2256",0
"r2257",0
"r2258",0
"r2259",0
"r2260",0
"r2261",0
"r2262",0
"r2263",0
"r2264",0
"r2265",0
"r2266",0
"r2267",0
"r2268",0
"r2269",0
"r2270",0
"r2271",0
"r2272",0
"r2273",0
"r2274",0
"r2275",0
"r2276",0
"r2277",0
"r2278",0
"r2279",0
"r2280",0
"r2281",0
"r2282",0
"r2283",0
"r2284",0
"r2285",0
"r2286",0
"r2287",0
"r2288",0
"r2289",0
"r2290",0
"r2291",0
"r2292",0
"r2293",0
"r2294",0
"r2295",0
"r2296",0
"r2297",0
"r2298",0
"r2299",0
"r2300",0
"r2301",0
"r2302",0
"r2303",0
"r2304",0
"r2305",0
"r2306",0
"r2307",0
"r2308",0
"r2309",0
"r2310",0
"r2311",0
"r2312",0
"r2313",0
"r2314",0
"r2315",0
"r2316",0
"r2317",0
"r2318",0
"r2319",0
"r2320",0
"r2321",0
"r2322",0
"r2323",0
"r2324",0
"r2325",0
"r2326",0
"r2327",0
"r2328",0
"r2329",0
"r2330",0
"r2331",0
"r2332",0
"r2333",0
"r2334",0
"r2335",0
"r2338",0
"r2341",0
"r2342",0
"r2343",0
"r2344",0
"r2346",0
"r2347",0
"r2352",0
"r2353",0
"r2354",0
"r2355",0
"r2356",0
"r2357",0
"r2358",0
"r2359",0
"r2360",0
"r2361",0
"r2362",0
"r2363",0
"r2364",0
"r2365",0
"r2366",0
"r2367",0
"r2368",0
"r2369",0
"r2370",0
"r2371",2
"r2372",2
"r2373",2
"r2374",2
"r2375",2
"r2376",2
"r2377",2
"r2378",2
"r2379",2
"r2380",2
"r2381",2
"r2382",2
"r2384",2
"r2385",2
"r2386",2
"r2387",2
"r2388",2
"r2389",2
"r2390",2
"r2391",2
"r2392",2
"r2393",2
"r2394",2
"r2395",0
"r2396",0
"r2397",0
"r2398",0
"r2399",0
"r2400",0
"r2401",0
"r2402",0
"r2403",0
"r2404",0
"r2405",0
"r2406",0
"r2407",0
"r2408",0
"r2409",0
"r2410",0
"r2411",0
"r2412",0
"r2413",0
"r2416",0
"r2419",0
"r2420",0
"r2425",0
"r2433",2
"r2434",2
"r2435",2
"r2436",2
"r2437",2
"r2438",2
"r2439",0
"r2447",0
"r2449",0
"r2465",0
"r2471",0
"r2472",0
"r2473",0
"r2482",0
"r2483",0
"r2484",0
"r2485",0
"r2486",0
"r2487",0
"r2488",0
"r2489",0
"r2490",0
"r2491",0
"r2492",0
"r2493",0
"r2494",0
"r2495",0
"r2496",0
"r2497",0
"r2498",0
"r2499",0
"r2501",0
"r2502",0
"r2503",0
"r2505",1
"r2516",0
"r2517",2
"r2518",2
"r2520",2
"r2525",0
"r2526",0
"r2532",0
"r2534",0
"r2535",0
"RE0344C",0
"RE0383C",2
"RE0453M",0
"RE0453N",2
"RE0456N",0
"RE0512M",2
"RE0512X",2
"RE0565C",2
"RE0568C",2
"RE0569C",2
"RE0569E",0
"RE0577C",0
"RE0578C",0
"RE0579C",0
"RE0688E",0
"RE0689E",0
"RE0690E",0
"RE0827E",0
"RE0828E",0
"RE0830N",0
"RE0912C",2
"RE0915E",0
"RE0926E",0
"RE0935E",0
"RE0936E",0
"RE0937E",0
"RE0938E",0
"RE0944E",0
"RE0958E",0
"RE1050E",0
"RE1099C",0
"RE1100C",0
"RE1100R",0
"RE1135C",0
"RE1135R",0
"RE1233C",0
"RE1441R",2
"RE1447M",1
"RE1448R",0
"RE1516M",0
"RE1516X",0
"RE1517M",0
"RE1517X",0
"RE1518M",0
"RE1518X",0
"RE1519X",0
"RE1520M",2
"RE1520X",0
"RE1521M",2
"RE1521X",0
"RE1522M",2
"RE1522X",0
"RE1523M",2
"RE1523X",0
"RE1525M",2
"RE1525X",2
"RE1526M",2
"RE1526X",2
"RE1527M",2
"RE1527X",2
"RE1530M",0
"RE1531M",2
"RE1531X",2
"RE1532M",2
"RE1532X",2
"RE1533M",2
"RE1533X",2
"RE1534M",2
"RE1534X",2
"RE1573M",1
"RE1573X",0
"RE1691M",0
"RE1709N",0
"RE1796M",0
"RE1796R",0
"RE1804M",0
"RE1807M",0
"RE1834C",0
"RE1834M",1
"RE1834X",0
"RE1835C",0
"RE1836X",2
"RE1845C",0
"RE1845X",0
"RE1846C",0
"RE1860E",0
"RE1957R",2
"RE2030M",0
"RE2111M",0
"RE2112R",0
"RE2147C",0
"RE2223M",0
"RE2235R",0
"RE2269E",0
"RE2270E",0
"RE2273E",0
"RE2304E",0
"RE2349C",0
"RE2404C",0
"RE2405C",0
"RE2427M",0
"RE2428M",0
"RE2429M",0
"RE2445E",0
"RE2514E",0
"RE2541C",0
"RE2541E",0
"RE2624M",0
"RE2624X",0
"RE2625M",0
"RE2626M",0
"RE2635R",0
"RE2636R",0
"RE2637C",0
"RE2637X",0
"RE2638C",0
"RE2640C",1
"RE2644C",0
"RE2649C",0
"RE2649M",1
"RE2660N",0
"RE2666G",0
"RE2677R",0
"RE2717L",1
"RE2759X",0
"RE2766C",0
"RE2888C",2
"RE2912M",2
"RE2954C",2
"RE2972M",2
"RE2973N",1
"RE2985M",0
"RE2985X",0
"RE2986X",0
"RE2987X",2
"RE2988X",2
"RE2989X",2
"RE2990X",0
"RE2991X",2
"RE2992M",1
"RE2992X",0
"RE2993X",1
"RE2994X",0
"RE2996X",1
"RE2997X",0
"RE2998M",0
"RE2999M",1
"RE3000M",0
"RE3001M",0
"RE3002X",0
"RE3003M",1
"RE3004M",2
"RE3005M",2
"RE3006M",2
"RE3009C",2
"RE3010C",1
"RE3010M",0
"RE3010X",0
"RE3011M",0
"RE3012C",2
"RE3012M",0
"RE3012R",0
"RE3014R",0
"RE3015R",0
"RE3036C",0
"RE3038C",1
"RE3040C",1
"RE3041C",0
"RE3074X",2
"RE3079X",1
"RE3081X",0
"RE3082X",2
"RE3086X",0
"RE3095C",2
"RE3103C",2
"RE3110C",2
"RE3114R",2
"RE3120C",2
"RE3132R",2
"RE3134C",0
"RE3136C",2
"RE3146R",2
"RE3151C",2
"RE3156X",2
"RE3157X",0
"RE3158X",2
"RE3159X",0
"RE3160R",2
"RE3161C",2
"RE3165C",2
"RE3170C",2
"RE3174C",2
"RE3177M",2
"RE3178M",2
"RE3179M",2
"RE3185M",2
"RE3186M",2
"RE3189M",2
"RE3190M",2
"RE3191M",2
"RE3192M",2
"RE3193M",2
"RE3194M",2
"RE3195M",0
"RE3218C",0
"RE3220C",0
"RE3224C",2
"RE3225C",2
"RE3226C",2
"RE3241C",2
"RE3247M",0
"RE3247X",0
"RE3251M",0
"RE3258C",1
"RE3259C",1
"RE3268R",0
"RE3269C",0
"RE3273C",0
"RE3273R",0
"RE3301C",0
"RE3307C",1
"RE3346C",2
"RE3346M",0
"RE3367E",0
"RE3381C",0
"RE3381E",0
"RE3430C",1
"RE3432C",1
"RE3432M",0
"RE3432X",0
"RE3470C",1
"RE3470M",0
"RE3476C",1
"RE3476M",0
"RE3488R",0
"RE3520E",1
"RE3525C",0
"RE3526C",0
"RE3597C",1
"RE3597M",0
"RE3597X",0
"RE3624M",0
"RE3626M",0
"RE3628M",1
"CITt4_4",0
"GLYt7_311_r",0
"HCO3_NAt",2
"INSTt4_2",0
"PIt8",1
"PIt9",0
"PROt4_2_r",0
"HSD17B3r",0
"2MB2COAc",2
"3HBCOARc",2
"ADPCOACROT",1
"ADPCOAPTE",0
"C100CPT1",1
"C101CPT1",1
"C102CPT1",1
"C10DCCACT",2
"C10DCc",1
"C10OHc",1
"C120CPT1",1
"C121CPT1",1
"C12DCACOT",0
"C12OHc",1
"C140CPT1",1
"C141ACBP",2
"C141CPT1",1
"C141OHc",1
"C142ACBP",2
"C142CPT1",1
"C142OHc",1
"C14OHc",1
"C161OHc",1
"C162ACBP",2
"C162OHc",1
"C16DCc",1
"C16OHc",1
"C16txc",0
"C181OHc",1
"C182OHc",1
"C18OHc",1
"C2tcx",2
"C30CPT1",1
"C40CPT1",1
"C4CRNCPT2",0
"C4DCCACT",2
"C4OHc",1
"C4tcx",2
"C4tmc",2
"C4x",1
"C50CPT1",1
"C51CPT1",1
"C60CPT1",1
"C6COAt",1
"C6CRNtcx",2
"C6DCCACT",2
"C6DCc",1
"C80CPT1",1
"C81CPT1",1
"C8DCc",1
"C9BRxtc",2
"DCATDc",1
"DCSPTN1COAtxc",0
"DOCO13ECOAtxc",0
"DOCO13EFATP",1
"DOCOSACT",0
"DOCOSCOAtxc",0
"FAOXC101C102m",2
"FAOXC101C102x",0
"FAOXC101C8m",0
"FAOXC101C8x",0
"FAOXC101x",0
"FAOXC102C101m",0
"FAOXC102C101x",1
"FAOXC102C103m",2
"FAOXC102C103x",0
"FAOXC102C81m",0
"FAOXC102C81x",0
"FAOXC102m",1
"FAOXC102x",0
"FAOXC103C102m",0
"FAOXC103C102x",1
"FAOXC10C10OHm",2
"FAOXC10C8m",0
"FAOXC10C8x",0
"FAOXC10DCC8DCx",0
"FAOXC11BRC9BRx",0
"FAOXC11C9m",0
"FAOXC121C101m",0
"FAOXC121C10x",0
"FAOXC121x",0
"FAOXC122C101m",0
"FAOXC122m",1
"FAOXC122x",0
"FAOXC123C102m",0
"FAOXC123C102x",0
"FAOXC123m",1
"FAOXC123x",0
"FAOXC12C10m",0
"FAOXC12C10x",0
"FAOXC12C12OHm",2
"FAOXC12DCC10DCx",0
"FAOXC12DCTc",2
"FAOXC12DCc",1
"FAOXC12DCx",1
"FAOXC13BRC11BRx",0
"FAOXC13C11m",2
"FAOXC141C121m",2
"FAOXC141C121x",0
"FAOXC141C141OHm",2
"FAOXC142C122m",2
"FAOXC142C122x",0
"FAOXC142C142OHm",2
"FAOXC143C123m",2
"FAOXC143C123x",0
"FAOXC14C12m",2
"FAOXC14C12x",0
"FAOXC14C14OHm",2
"FAOXC14DCC12DCx",0
"FAOXC15ATPx",1
"FAOXC15BRC13BRx",0
"FAOXC15C13m",2
"FAOXC15NADPx",0
"FAOXC15NADx",0
"FAOXC161C141m",2
"FAOXC161C141x",0
"FAOXC161C161OHm",2
"FAOXC162C142m",2
"FAOXC162C162OHm",2
"FAOXC163C142x",0
"FAOXC163C143m",2
"FAOXC163C164Gm",2
"FAOXC163C164x",0
"FAOXC163GC142m",2
"FAOXC163Gm",1
"FAOXC163x",0
"FAOXC164C143m",2
"FAOXC164C143x",0
"FAOXC164C163x",1
"FAOXC164C165m",2
"FAOXC164C165x",0
"FAOXC164GC163m",0
"FAOXC164m",1
"FAOXC164x",0
"FAOXC165C164m",0
"FAOXC165C164x",1
"FAOXC16BRx",1
"FAOXC16C14m",2
"FAOXC16C14x",0
"FAOXC16C16OHm",2
"FAOXC16DCC14DCx",0
"FAOXC16DCr",2
"FAOXC16OHC16r",0
"FAOXC17C15m",2
"FAOXC181C161m",2
"FAOXC181C161x",0
"FAOXC181C181OHm",2
"FAOXC182C162m",2
"FAOXC182C182OHm",2
"FAOXC183C163Gm",2
"FAOXC183C163m",2
"FAOXC184C163m",2
"FAOXC184C163x",0
"FAOXC184C164m",2
"FAOXC184C164x",0
"FAOXC184m",1
"FAOXC184x",0
"FAOXC185C164m",2
"FAOXC185m",1
"FAOXC18C18OHm",2
"FAOXC201C181x",0
"FAOXC204C184m",2
"FAOXC204C205x",0
"FAOXC205C184x",0
"FAOXC205C185m",2
"FAOXC221C201x",0
"FAOXC225C204m",2
"FAOXC225C204x",0
"FAOXC225C226m",2
"FAOXC225C226x",0
"FAOXC225m",1
"FAOXC225x",0
"FAOXC226C205m",2
"FAOXC226C225m",0
"FAOXC226C225x",1
"FAOXC226C227m",2
"FAOXC226m",1
"FAOXC227C226m",0
"FAOXC22C20x",0
"FAOXC22C22DCHYr",0
"FAOXC22OHC22r",0
"FAOXC241C221x",0
"FAOXC24C22x",0
"FAOXC3DC",1
"FAOXC4C2m",0
"FAOXC4C4DCc",1
"FAOXC5C3x",0
"FAOXC5C5DCc",1
"FAOXC5OHc",1
"FAOXC61C4m",0
"FAOXC61C4x",0
"FAOXC61m",1
"FAOXC61x",0
"FAOXC6C4m",0
"FAOXC6C4x",0
"FAOXC6DCC4DCx",0
"FAOXC7C5m",0
"FAOXC81C61m",0
"FAOXC81C61x",0
"FAOXC8C6m",0
"FAOXC8C6x",0
"FAOXC8DCC6DCx",0
"FAOXC9C7m",0
"FAOXMC10OHMC10r",0
"FAOXOHC16C16DCc",0
"FAOXOHC22C22DCc",0
"FAOXOHMC10DC10c",0
"FAOXTC101TC102m",2
"FAOXTC102C101m",0
"FAOXTC122TC101m",0
"FAOXTC122m",1
"FAOXTC142TC122m",2
"FAOXTC162TC142m",2
"FAOXTC182TC162m",2
"FOAXC122C101x",0
"GLUTCOAACBP",2
"HDCACBP",2
"HDDACBP",2
"HDECAACBP",2
"HDECEACBP",2
"HEXCOAACBP",2
"HEXDICOAACBP",2
"HEXDICOAACBPx",2
"HIVCACBP",2
"HOCDACBP",2
"HOCTDACBP",2
"HTDCACBP",2
"IVCOAACBP",2
"LGNCCOAtcx",0
"NRVNCCOAtxc",0
"OCD11COACPT1",1
"OCD11CRNCACT",2
"OCD11CRNCPT2",0
"OCT11EFATP",1
"OCTDEC2ACBP",2
"OCTDECCACT",2
"OCTDECCPT1",1
"OCTDECCPT2",0
"PRISTCOAtcx",2
"SBCOAACOTx",0
"SCP21cx",2
"SEBCOACROT",1
"SEBCOAPET",0
"STCOATxc",0
"STRDNCCOAtxc",0
"SUBERCACT",2
"SUBERCROT",1
"SUCCCROT",1
"SUCCOAPET",0
"34DHPHELAT1tc",2
"4OHPROIMINOtc",0
"ALAALACNc",2
"ALAALAPEPT1tc",0
"ALAATB0tc",0
"ALAyLATthc",2
"ARGATB0tc",0
"ASCBSVCTtc",0
"ASNATB0tc",0
"BALABETAtc",1
"BALAPAT1tc",0
"CARPEPT1tc",0
"CYSATB0tc",0
"CYSSNAT5tc",0
"CYSTALArBATtc",0
"CYSTLEUrBATtc",0
"FOLTle",0
"GALSGLT1le",0
"GLCSGLT1le",0
"GLNATB0tc",0
"GLNyLATthc",2
"GLYGLYCNc",2
"GLYGLYPEPT1tc",0
"GLYPHEPEPT1tc",0
"GLYPROPEPT1tc",0
"GLYSARCNc",2
"GLYSARPEPT1tc",0
"GLYSNAT5tc",0
"HISSNAT5tc",0
"HISyLATtc",2
"HISyLATthc",2
"HPETFABP1tc",0
"ILEATB0tc",0
"LEUATB0tc",0
"LEUGLYPEPT1tc",0
"LEULEULAPc",2
"LEULEUPEPT1tc",0
"LEUyLAThtc",2
"LINOFATPtc",0
"LYSATB0tc",0
"METATB0tc",0
"METyLATthc",2
"NACHORCTL3le",0
"OCDEAFABP1tc",0
"OLEICFATPtc",0
"ORNALArBATtc",0
"ORNLEUrBATtc",0
"PALFATPtc",0
"PEHSFABPe",0
"PHEATB0tc",0
"PHEyLATthc",2
"PMTCOAFABP1tc",0
"PROGLYPEPT1tc",0
"PROGLYPRO1c",1
"PROIMINOtc",0
"SERATB0tc",0
"TAUBETAtc",1
"TAUPAT1c",0
"THRATB0tc",0
"TRPATB0tc",0
"TYRATB0tc",0
"VALATB0tc",0
"VITEtl",0
"25HVITD3c",0
"3HCO3_NAt",0
"4HPROLTASCT1",1
"ADNt5le",0
"ASPPROASCT1",1
"BIDGLCURr",0
"BTNt3ile",2
"CHOLESACATc",2
"CHOLESTle",2
"CYTDt5le",0
"DPMVDc",0
"DSREDUCr",0
"DTMPKm",2
"FADDPle",0
"FADH2ETC",0
"FE2DMT1",1
"FE3MTP1",0
"FMNALKPle",0
"G6PDH2c",2
"GLUPROASCT1",1
"GNDc",2
"GSNt5le",0
"INSt5le",0
"IPDDI",2
"MEVK1c",1
"MTHFR3",0
"P5CR",1
"PGLc",2
"PHEMEe",1
"PMEVKc",2
"PNTOt5le",2
"RPEc",0
"RTOTAL2FATPc",0
"RTOTALFATPc",0
"SPRMTDe",0
"THMDt5le",0
"URIt5le",0
"OROTGLUt",0
"5HOXINDOAtr",0
"LKYNRtr",0
"LKYNRtr2",0
"LKYNRtr3",0
"KYNATEtr",0
"HKYNRtr",2
"QULNtr",0
"ALAB0AT3tc",0
"ALAPAT4te",0
"ARACHDFATPtc",0
"ARGB0AT3tc",0
"ASNB0AT3tc",0
"BETBGTtc",0
"BUTSMCT1",0
"CLCFTRte",0
"CRNATBtc",0
"CYSB0AT3tc",0
"DHEASABCCte",0
"DOPAENT4tc",0
"ESTRAABCtc",0
"ESTROSABCCte",0
"ESTRSABCtc",0
"FOLABCCte",1
"FOLOAT1tc",0
"FOLOAT2tc",0
"FOLOATPtc",0
"GABABGTtc",0
"GLNB0AT3tc",0
"GLUB0AT3tc",0
"GLYB0AT3tc",0
"GSNt2r",0
"H2OGLYAQPt",1
"ILEB0AT3tc",0
"LEUB0AT3tc",0
"LEUKABCtc",0
"LGNCFATPtc",1
"METB0AT3tc",0
"NACSMCTte",0
"PGLYCABCte",0
"PHEB0AT3tc",0
"PHEMEABCte",0
"PPASMCT1",0
"PROPAT4te",0
"PSHSABCtc",0
"PYRSMCT1",0
"RETABCtc",0
"SERB0AT3tc",0
"SRTNENT4tc",0
"TCHOLABCtc",0
"TRPB0AT3tc",0
"TYRB0AT3tc",0
"VALB0AT3tc",0
"CAMPt",0
"CGMPt",0
"FRUt4",0
"GALt4",0
"GCHOLAt3",0
"GLCt4",1
"MANt4",0
"RIBFLVte",0
"TCHOLAt3",0
"TRPt",0
"r1492",0
"CHSTEROLt",0
"RETt",0
"AVITE1t",0
"r0963",0
"L_LACt4r",0
"r0295",0
"ACRNte",0
"PCRNte",0
"LNELDCCRNte",0
"ODECRNte",0
"STCRNte",0
"PMTCRNte",0
"HDCECRNte",0
"15KPROSTGF2c",0
"AND19ONEc",0
"C14825c",0
"DESAT14_9",0
"21HPRGNLONE",0
"LCAT10e",0
"LCAT11e",0
"LCAT12e",0
"LCAT13e",0
"LCAT14e",0
"LCAT54e",0
"LCAT55e",0
"LCAT15e",0
"LCAT16e",0
"LCAT17e",0
"LCAT18e",0
"LCAT19e",0
"LCAT20e",0
"LCAT21e",0
"LCAT22e",0
"LCAT23e",0
"LCAT25e",0
"LCAT27e",0
"LCAT29e",0
"LCAT2e",0
"LCAT30e",0
"LCAT31e",0
"LCAT32e",0
"LCAT33e",0
"LCAT34e",0
"LCAT35e",0
"LCAT36e",0
"LCAT37e",0
"LCAT38e",0
"LCAT39e",0
"LCAT3e",0
"LCAT40e",0
"LCAT41e",0
"LCAT42e",0
"LCAT43e",0
"LCAT44e",0
"LCAT45e",0
"LCAT56e",0
"LCAT46e",0
"LCAT47e",0
"LCAT48e",0
"LCAT49e",0
"LCAT4e",0
"LCAT50e",0
"LCAT51e",0
"LCAT52e",0
"LCAT53e",0
"LCAT57e",0
"LCAT5e",0
"LCAT6e",0
"LCAT7e",0
"LCAT8e",0
"LCAT9e",0
"SMS1",0
"SMS10",0
"SMS11",0
"SMS12",0
"SMS16",0
"SMS13",0
"SMS14",0
"SMS15",0
"SMS2",0
"SMS3",0
"SMS4",0
"SMS5",0
"SMS6",0
"SMS7",0
"SMS8",0
"SMS9",0
"XOLEST183CEH",2
"XOLEST182CEH",2
"XOLEST205CEH",2
"XOLEST226CEH",2
"MAGLINL_HSe",0
"MAGOLE_HSe",0
"LPS5e",0
"LPS6e",0
"LPS7e",0
"PCHOLMYR_HSPLA2",0
"PCHOLOLE_HSPLA2",0
"PEOLE_HSPLA2",0
"PCHOLPALME_HSPLA2",0
"PCHOLPALM_HSPLA2",0
"PEPALM_HSPLA2",0
"PAILPALM_HSPLA2",0
"PCHOLSTE_HSPLA2",0
"PCHOL2LINL_HSPLA2",0
"PE2LINL_HSPLA2",0
"PCHOL2OLE_HSPLA2",0
"PCHOL2PALM_HSPLA2",0
"PCHOL2STE_HSPLA2",0
"PCHOLN15_HSPLA2",0
"PCHOLAR_HSPLA2",0
"PCHOLN183_HSPLA2",0
"PCHOLN1836_HSPLA2",0
"PCHOLN19_HSPLA2",0
"PCHOLN201_HSPLA2",0
"PCHOLN204_HSPLA2",0
"PCHOLN205_HSPLA2",0
"PCHOLN224_HSPLA2",0
"PCHOLN225_HSPLA2",0
"PCHOLN2254_HSPLA2",0
"PCHOLN226_HSPLA2",0
"PEAR_HSPLA2",0
"PE203_HSPLA2",0
"PE226_HSPLA2",0
"PE224_HSPLA2",0
"PEDH203_HSPLA2",0
"PEDH12_HSPLA2",0
"PEDH14_HSPLA2",0
"PEDH161_HSPLA2",0
"PEDH13_HSPLA2",0
"PEDH15_HSPLA2",0
"PEDH17_HSPLA2",0
"PCHOLN203_HSPLA2",0
"PAILAR_HSPLA2",0
"PCHOLN24_HSPLA2",0
"PCHOLN261_HSPLA2",0
"PCHOLN281_HSPLA2",0
"PCHOLN28_HSPLA2",0
"PCHOLDOC_HSPLA2",0
"PCHOLDEIC_HSPLA2",0
"PCHOLDET_HSPLA2",0
"PCHOLHEP_HSPLA2",0
"PCHOLLINL_HSPLA2",0
"PELINL_HSPLA2",0
"GPDDACHOL",2
"ARACHETH",0
"C02712te",0
"C03990ATP",0
"C03990t",0
"C04483t1",0
"C05463t1",0
"CE1273t1",0
"DIDECAETH",0
"DIHOLINETH",0
"DOCOHEXETHc",0
"DOCTETETH",0
"HEPDECETH",0
"HEXDECEETH",0
"OLEETH",0
"PELINETH",0
"PENDECAETH",0
"PEPALM",0
"STEETH",0
"TETDECAETH",0
"TRIDECETH",0
"HC02195c",0
"HC02196c",0
"HC02220c",0
"HC02197c",0
"HC02198c",0
"HC02195te",0
"HC02196te",0
"HC02194te",0
"HC02220te",0
"GLYNATm",0
"PCSF",1
"ALAARGCYSt",0
"ALAARGGLYt",0
"ALAASNLEUt",0
"ALAGLYLYSt",0
"ALAHISALAt",0
"ALALYSTHRt",0
"ARGALAALAt",0
"ARGALAPHEt",0
"ARGALATHRt",0
"ARGARGt",0
"ARGARGLYSt",0
"ARGARGMETt",0
"ARGCYSGLYt",0
"ARGCYSSERt",0
"ARGGLUGLUt",0
"ARGGLUPROt",0
"ARGGLYGLYt",0
"ARGHISTHRt",0
"ARGLEUPHEt",0
"ARGLYSASPt",0
"ARGPHEARGt",0
"ARGPROMETt",0
"ARGPROTHRt",0
"ARGSERSERt",0
"ARGTYRVALt",0
"ARGVALCYSt",0
"ARGVALTRPt",0
"ASNASNARGt",0
"ASNCYSCYSt",0
"ASNMETPROt",0
"ASNPHEASPt",0
"ASNPHECYSt",0
"ASNTYRGLYt",0
"ASNTYRPHEt",0
"ASNTYRTHRt",0
"ASPALAARGt",0
"ASPASNGLUt",0
"ASPGLUt",0
"ASPGLUPROt",0
"ASPGLUTRPt",0
"ASPHISCYSt",0
"ASPHISPROt",0
"ASPLYSGLUt",0
"ASPLYSHISt",0
"ASPMETASPt",0
"ASPPROLYSt",0
"ASPVALASNt",0
"CYSASNMETt",0
"CYSASPPHEt",0
"CYSCYSt",0
"CYSGLNMETt",0
"CYSGLUHISt",0
"CYSGLUTRPt",0
"CYSLEUTHRt",0
"CYSSERMETt",0
"CYSTYRASNt",0
"GLNASNGLNt",0
"GLNHISHISt",0
"GLNHISLYSt",0
"GLNLYSLYSt",0
"GLNLYSTRPt",0
"GLNPROGLUt",0
"GLNTRPGLUt",0
"GLNTYRLEUt",0
"GLUARGLEUt",0
"GLUASNLEUt",0
"GLUGLUt",0
"GLUILELYSt",0
"GLULEUt",0
"GLUMETt",0
"GLUMETHISt",0
"GLUTHRt",0
"GLUTHRLYSt",0
"GLUTRPALAt",0
"GLYHISASNt",0
"GLYHISLYSt",0
"GLYLYSCYSt",0
"GLYLYSPHEt",0
"GLYTYRLYSt",0
"GLYVALHISt",0
"HISARGCYSt",0
"HISARGSERt",0
"HISASPt",0
"HISCYSCYSt",0
"HISGLNALAt",0
"HISGLUt",0
"HISGLUGLNt",0
"HISGLYLYSt",0
"HISHISLYSt",0
"HISLYSALAt",0
"HISLYSGLUt",0
"HISLYSILEt",0
"HISLYSTHRt",0
"HISLYSVALt",0
"HISMETt",0
"HISMETGLNt",0
"HISPHEARGt",0
"HISPROLYSt",0
"HISTRPHISt",0
"ILEARGILEt",0
"ILEASNHISt",0
"ILEASPt",0
"ILEGLNGLUt",0
"ILEGLYARGt",0
"ILEPROLYSt",0
"ILESERARGt",0
"ILETRPTYRt",0
"LEUALAARGt",0
"LEUASNASPt",0
"LEUASPLYSt",0
"LEULEUTRPt",0
"LEUPROt",0
"LEUPROARGt",0
"LEUSERTRPt",0
"LEUTRPt",0
"LEUTRPARGt",0
"LEUTYRTYRt",0
"LEUVALt",0
"LYSARGLEUt",0
"LYSCYSHISt",0
"LYSGLNPHEt",0
"LYSGLUGLUt",0
"LYSLYSLYSt",0
"LYSPHEILEt",0
"LYSTRPARGt",0
"LYSTYRILEt",0
"LYSVALPHEt",0
"LYSVALTRPt",0
"METARGLEUt",0
"METASNTYRt",0
"METGLNTYRt",0
"METGLYARGt",0
"METHISLYSt",0
"METMETILEt",0
"METPHEARGt",0
"METTRPPHEt",0
"PHEASNMETt",0
"PHEASPt",0
"PHEGLNPHEt",0
"PHELEUt",0
"PHELEUASPt",0
"PHELEUHISt",0
"PHELYSALAt",0
"PHELYSPROt",0
"PHEPHEt",0
"PHEPHEASNt",0
"PHEPHETHRt",0
"PHEPROARGt",0
"PHESERTRPt",0
"PHETHRLYSt",0
"PHETRPLEUt",0
"PHETYRt",0
"PHETYRGLNt",0
"PHETYRLYSt",0
"PROARGASPt",0
"PROARGCYSt",0
"PROASNCYSt",0
"PROCYSt",0
"PROGLNPROt",0
"PROGLULYSt",0
"PROHISt",0
"PROHISTYRt",0
"PROLEUARGt",0
"PROLYSPROt",0
"PROPHEt",0
"PROPROARGt",0
"PROPROPROt",0
"PROTRPLYSt",0
"PROTRPTHRt",0
"PROVALGLNt",0
"SERARGALAt",0
"SERARGTRPt",0
"SERCYSARGt",0
"SERGLYGLUt",0
"SERLYSHISt",0
"SERPHELYSt",0
"SERTRPHISt",0
"THRARGTYRt",0
"THRASNTYRt",0
"THRGLNGLUt",0
"THRGLNTYRt",0
"THRHISHISt",0
"THRILEARGt",0
"THRMETARGt",0
"THRPHEARGt",0
"THRSERARGt",0
"THRTHRARGt",0
"THRTYRMETt",0
"TRPALAPROt",0
"TRPARGALAt",0
"TRPASPASPt",0
"TRPGLNGLNt",0
"TRPGLUGLYt",0
"TRPGLULEUt",0
"TRPGLUPROt",0
"TRPGLUTYRt",0
"TRPGLYLEUt",0
"TRPGLYPHEt",0
"TRPGLYVALt",0
"TRPHISMETt",0
"TRPILELYSt",0
"TRPILETRPt",0
"TRPLEUVALt",0
"TRPLYSt",0
"TRPMETARGt",0
"TRPMETVALt",0
"TRPPHEt",0
"TRPPROGLYt",0
"TRPPROLEUt",0
"TRPPROVALt",0
"TRPSERTYRt",0
"TRPTHRGLUt",0
"TRPTHRILEt",0
"TRPTHRTYRt",0
"TRPTYRGLNt",0
"TRPTYRTYRt",0
"TRPVALASPt",0
"TYRALAt",0
"TYRALAPHEt",0
"TYRARGGLUt",0
"TYRARGSERt",0
"TYRASPARGt",0
"TYRCYSGLYt",0
"TYRCYSTHRt",0
"TYRGLUt",0
"TYRLEUARGt",0
"TYRPHETYRt",0
"TYRTHRt",0
"TYRTRPPHEt",0
"TYRTYRt",0
"TYRVALMETt",0
"VALARGGLYt",0
"VALHISASNt",0
"VALLEUPHEt",0
"VALLYSTYRt",0
"VALPHEARGt",0
"VALPROTRPt",0
"VALSERARGt",0
"VALTRPPHEt",0
"VALTRPVALt",0
"VALVALt",0
"TRPGLYASPt",0
"HOMOVALte",0
"TTDCEAc",0
"ARGtD",1
"DDCAte",1
"DHCHOLESTANATEATP",0
"DHCHOLESTANATEt",0
"THCHOLSTOICATP",0
"THCHOLSTOICt",0
"XOL7AH3ATP",0
"XOL7AH3t",0
"XOL7AONEATP",0
"XOL7AONEt",0
"XOLDIOLONEATP",0
"7KILTCHOLATP",0
"7KILTCHOLt",0
"ACACT1r",2
"ACACt2",0
"ACCOAL",0
"ACONT",2
"ACS",1
"ADK1",2
"ADNCNT3tc",0
"ADPT",2
"ADSS",2
"ALAR",2
"AMPTASECG",0
"ARGN",0
"ASP1DC",0
"ASPTA",2
"BPNT",1
"BUTt2r",0
"CBPS",0
"CPPPGO",2
"CTPS1",1
"CTPS2",1
"CYSTGL",1
"CYSTS",0
"CYTDt2r",0
"DGK1",2
"DHFR",0
"DHORTS",0
"DHPR",1
"DMATT",0
"DPCOAK",2
"DTMPK",2
"DURIPP",2
"ENO",2
"FBA",2
"FBA2",2
"FBP",1
"FERO",0
"FMNAT",0
"FPGS7",1
"FTHFCL",0
"FUM",2
"G3PD1",0
"G6PDH2r",2
"GALU",0
"GALt2_2",0
"GAPD",2
"GF6PTA",2
"GHMT2r",0
"GK1",2
"GLNS",1
"GLYLEUHYDROc",2
"GLYLEUPEPT1tc",0
"GLYPROPRO1c",1
"GMAND",0
"GMPS2",2
"GRTT",0
"GTPCI",2
"GUAPRT",2
"H2CO3D",0
"H2Ot",0
"HEX1",2
"HMBS",0
"ILETA",0
"IMPD",2
"INSt2",0
"LEUTA",0
"L_LACt2r",1
"MAN1PT2",2
"MAN6PI",1
"MTHFC",0
"MTHFD",0
"NADK",1
"NAt3_1",1
"NDPK1",1
"NDPK2",1
"NDPK3",1
"NDPK4",1
"NDPK5",1
"NDPK6",1
"NDPK7",1
"NDPK8",1
"NDPK9",1
"NNATr",1
"NNDPR",0
"NTD1",1
"OMPDC",1
"PGI",2
"PGK",2
"PGL",2
"PGM",2
"PGMT",2
"PMANM",2
"PNP",2
"PNTK",1
"PPA",2
"PPBNGS",0
"PPCDC",1
"PPM",2
"PPNCL3",2
"PRO1x",0
"PROD2",0
"PROt2r",0
"PRPPS",2
"PSERT",0
"PSP_L",1
"PTPAT",2
"PUNP1",2
"PUNP2",2
"PUNP3",2
"PUNP4",2
"PUNP5",2
"PUNP6",2
"PUNP7",2
"RBFK",1
"RNDR1",0
"RNDR2",0
"RNDR3",0
"RNDR4",0
"RPE",0
"RPI",2
"SPMS",2
"SPODM",2
"TALA",2
"THMDt2r",0
"THRS",0
"TKT1",2
"TKT2",2
"TMDK1",0
"TMDPK",1
"TPI",2
"UAG4E",1
"UAGDP",2
"UDPG4E",1
"UMPK",2
"UPP3S",0
"UPPDC1",1
"UREAt",0
"URIt2r",0
"VALTA",0
"r0060",0
"r0082",0
"r0127",0
"r0220",2
"r0318",2
"r0345",2
"r0398",1
"r0422",2
"r0570",2
"r0671",2
"ACCOAC",0
"FPGS",1
"GLYt2r",0
"ALAt2r",0
"NTD2",1
"NTD4",1
"NTD5",1
"NTD6",1
"NTD7",1
"NTD8",1
"NTD9",1
"NTD10",1
"NTD11",1
"NADS2",0
"GUAt",0
"ADPRDP",2
"ALCD1",2
"RBK",0
"ADNK1",2
"GCALDD",2
"r0339",0
"ABUTD",2
"ACYP",2
"AGDC",0
"AICART",2
"ALDD2x",2
"AMANK",2
"ARGSL",1
"CITL",0
"CYTK1",2
"CYTK2",2
"DRBK",0
"FACOAL161",0
"G6PDA",2
"GALK",1
"GALT",1
"GLUPRT",0
"GLXO1",2
"GLYK",0
"GLYOX",0
"GND",2
"HEX7",2
"HISD",0
"HXPRT",2
"HYXNt",0
"IMACTD",2
"IMPC",2
"IZPN",0
"LCADi",2
"LDH_D",0
"LDH_L",2
"LGTHL",2
"MALT",0
"MDH",1
"MI1PP",2
"MI3PP",2
"MI4PP",2
"NT5C",1
"NTD3",1
"ORNDC",1
"PFK",2
"PHETA1",2
"PIt7",0
"PRFGS",0
"PYDAMK",2
"PYDXNK",2
"PYK",2
"THRD_L",0
"TMDS",0
"TYRTA",2
"XYLt",2
"r0392",2
"r0792",0
"r1667",2
"UGLT",1
"URCN",0
"PYRt2r",1
"ACGAM2E",0
"DCMPDA",2
"FTHFL",0
"THMt3",0
"AACOAT",1
"FORTHFC",0
"GLNt4",2
"MTHFD2",1
"AHC",2
"ABUTt2r",0
"PHPYRte",1
"PHPYRtm",1
"CE4970te",0
"CE2026te",0
"CE4968te",0
"VANILPYRc",0
"2H3MVc",2
"2HIVc",2
"2M3OVCOAm",0
"PPIOGLYc",0
"TIGGLYc",0
"3OHGLUTACOAT3t",0
"3HADICOAx",0
"3OHSEBCOAx",0
"3OHSUBCOAx",0
"HEXGLYc",0
"SUBGLYc",0
"AK2LGCHOLABCt",2
"CE2510ABCt",1
"CE2537ABCt",1
"NRVNCABCt",1
"PAFABCt",2
"PCHLN225_HSABCt",2
"PCHOL2LINL_HSABCt",2
"PCHOL2OLE_HSABCt",2
"PCHOL2STE_HSABCt",2
"PCHOLAR_HSABCt",2
"PCHOLDOC_HSABCt",2
"PCHOLEIC_HSABCt",2
"PCHOLET_HSABCt",2
"PCHOLHEP_HSABCt",2
"PCHOLLINL_HSABCt",2
"PCHOLMYR_HsABCt",2
"PCHOLN15_HSABCt",2
"PCHOLN183_HSABCt",2
"PCHOLN1836_HSABCt",2
"PCHOLN19_HSABCt",2
"PCHOLN201_HSABCt",2
"PCHOLN203_HSABCt",2
"PCHOLN204_HSABCt",2
"PCHOLN205_HSABCt",2
"PCHOLN224_HSABCt",2
"PCHOLN225_HSABCt",2
"PCHOLN2254_HSABCt",2
"PCHOLN264_HSABCt",2
"PCHOLOLE_HSABCt",2
"PCHOLPALME-HSABCt",2
"PCHOLSTE_HSABCt",2
"PE12_HSABCt",1
"Pe13_HSABCt",1
"PE14_HSABCt",1
"PE15_HSABCt",1
"PE161_HSABCt",1
"PE17_HSABCt",1
"PE203_HSABCt",1
"PE226_HSABCt",1
"PE2LINL_HSABCt",1
"PEAR_HSABCt",1
"PEDH203_HSABCt",1
"PELINL_HSABCt",1
"PELPALM_HSABCt",1
"PEOLE_HSABCt",1
"PEPALM_HSASBCt",2
"PESTE_HSABCt",1
"APRGSTRNt1e",0
"DIGALSGALSIDEATPte",1
"SPHMYLN_HsATPte",1
"SPHMYLN180241_hs_ATPt",1
"SPHMYLN18114_hs_ATPt",1
"SPHMYLN18115_hs_ATPt",1
"SPHMYLN18116_hs_ATPt",1
"SPHMYLN181161_hs_ATPt",1
"SPHMYLN18117_hs_ATPt",1
"SPHMYLN18118_hs_ATPt",1
"SPHMYLN181181_hs_ATPt",1
"SPHMYLN18120_hs_ATPt",1
"SPHMYLN181201_hs_ATPt",1
"SPHMYLN18121_hs_ATPt",1
"SPHMYLN18122_hs_ATPt",1
"SPHMYLN181221_hs_ATPt",1
"SPHMYLN18123_hs_ATPt",1
"SPHMYLN1824_hs_ATPt",1
"SPHMYLN1825_hs_ATPt",1
"2HYDOGOAT3t",0
"GLUTAROAT3t",0
"THEXDDm",2
"THEXDDtm",0
"HEXDTRm",2
"HEXDTRtm",0
"HPDECECOAm",0
"HPDECEm",2
"HPDECEtm",0
"EIC21114TRc",2
"5EIPENCm",2
"5EIPENCtm",0
"T4HCINNMte",0
"AGRMte",0
"ANDRSTNDNte",0
"EANDRSTRNte",0
"AHANDROSTANte",0
"ANDRSTANDRte",0
"CE2209te",0
"C05301te",0
"C05299te",0
"C05302te",0
"CE5072te",0
"11DOCRTSLte",0
"11DOCRTSTRNte",0
"PRGNLONEte",0
"CE2211te",0
"17AHPRGSTRNte",0
"17AHPRGNLONEte",0
"C03681te",0
"PRGNLONESte",0
"CE1352te",0
"MMAt2e",0
"C05769te",0
"SAMHISTAe",0
"CE2006te",1
"GLCRt1",0
"2HYOXPLCte",0
"N8ASPMDte",0
"MHISTAte",0
"CE4890te2",0
"C09642te",0
"2OBUTt",0
"PPP9ABCte",0
"MLTHFte",0
"TYMte2",0
"TRYPTAte",0
"CE4890te",0
"SELMETHte",2
"CE7090te",1
"CE7085te",1
"CE7096te",1
"CE4877te",1
"CE1447te",1
"C05769te3",0
"C05770te4",0
"C05770te",0
"MLTHFte3",0
"CE2705t",0
"SPHS1Pt2e",1
"MMAte",0
"PTRCARGte",0
"MLTHFte2",0
"TYMte",0
"13DAMPPte",0
"HDD2CRNte2",0
"MLTHFte1",1
"ARGN1ASPMDte",2
"CE1918te",0
"34DHPHAte",0
"34DHOXMANDte",0
"CE6205te",0
"1A25DHVITD3te",0
"DOPASULT4",2
"UDPG4DOPA",2
"UDPG3DOPA",2
"TYRDOPOX",0
"34DHPEAR",2
"DOPA4GLCURt",1
"DOPA3GLCURt",1
"CE5026t",1
"GGTe_1",0
"NADPQNOXR",0
"NADQNOXR",0
"DACGST",0
"TYRDHINDOX",0
"CE5025t",1
"ACER11r",0
"ACER12r",0
"ACER21g",0
"ACER22g",0
"ACER23g",0
"ACER31r",0
"BGAL1e",1
"BGAL1l",1
"BGAL2l",1
"BGAL3l",1
"DES21",0
"GBA2e",2
"GLA2l",1
"HEXA1l",0
"HEXA2l",1
"HEXA3e",0
"HEXAHBl",0
"NEU11l",1
"NEU21",0
"NEU22",0
"NEU23",0
"NEU24",0
"NEU25",0
"NEU31e",0
"NEU32e",0
"NEU33e",0
"NEU34e",0
"NEU35e",0
"NEU36e",0
"NEU37e",0
"NEU38n",1
"NEU39e",0
"SMS1S2",0
"SMS21e",0
"SPHK11",0
"SPHK21n",0
"SPHK22n",0
"SPMD3n",0
"ST8SIA13e",0
"HMR_0002",0
"HMR_0003",2
"HMR_0008",0
"HMR_0019",0
"HMR_0155",2
"HMR_0156",0
"HMR_0164",2
"HMR_0165",0
"HMR_0167",2
"HMR_0168",0
"HMR_0170",2
"HMR_0171",0
"HMR_0176",2
"HMR_0177",0
"HMR_0180",0
"HMR_0183",2
"HMR_0184",0
"HMR_0188",2
"HMR_0189",1
"HMR_0191",2
"HMR_0192",2
"HMR_0193",1
"HMR_0194",0
"HMR_0197",1
"HMR_0200",2
"HMR_0201",1
"HMR_0203",2
"HMR_0204",2
"HMR_0206",1
"HMR_0207",0
"HMR_0208",2
"HMR_0209",2
"HMR_0210",1
"HMR_0211",0
"HMR_0214",1
"HMR_0215",0
"HMR_0230",1
"HMR_0232",2
"HMR_0233",2
"HMR_0234",1
"HMR_0235",0
"HMR_0238",1
"HMR_0239",0
"HMR_0240",2
"HMR_0241",2
"HMR_0242",1
"HMR_0243",0
"HMR_0244",2
"HMR_0245",2
"HMR_0246",1
"HMR_0247",0
"HMR_0253",0
"HMR_0254",2
"HMR_0255",2
"HMR_0256",1
"HMR_0257",0
"HMR_0259",2
"HMR_0260",1
"HMR_0261",0
"HMR_0267",2
"HMR_0268",1
"HMR_0270",2
"HMR_0271",2
"HMR_0272",1
"HMR_0273",0
"HMR_0276",1
"HMR_0277",0
"HMR_0278",2
"HMR_0279",2
"HMR_0280",1
"HMR_0281",0
"HMR_0287",0
"HMR_0288",2
"HMR_0289",2
"HMR_0290",1
"HMR_0291",0
"HMR_0292",2
"HMR_0293",2
"HMR_0296",2
"HMR_0297",2
"HMR_0298",1
"HMR_0299",0
"HMR_0300",2
"HMR_0301",2
"HMR_0302",1
"HMR_0303",0
"HMR_0304",2
"HMR_0305",2
"HMR_0306",1
"HMR_0307",0
"HMR_0308",2
"HMR_0309",2
"HMR_0310",1
"HMR_0311",0
"HMR_0317",0
"HMR_0319",2
"HMR_0321",0
"HMR_0322",2
"HMR_0323",2
"HMR_0324",1
"HMR_0325",0
"HMR_0326",2
"HMR_0327",2
"HMR_0328",1
"HMR_0329",0
"HMR_0342",1
"HMR_0343",0
"HMR_0344",2
"HMR_0345",2
"HMR_0346",1
"HMR_0347",0
"HMR_0350",1
"HMR_0354",1
"HMR_0358",1
"HMR_0359",0
"HMR_0362",1
"HMR_0363",0
"HMR_0366",1
"HMR_0367",0
"HMR_0370",1
"HMR_0371",0
"HMR_0374",1
"HMR_0375",0
"HMR_0378",1
"HMR_0380",2
"HMR_0381",2
"HMR_0382",1
"HMR_0383",0
"HMR_0384",2
"HMR_0385",2
"HMR_0386",1
"HMR_0387",0
"HMR_0388",2
"HMR_0389",2
"HMR_0390",1
"HMR_0391",0
"HMR_0392",2
"HMR_0393",2
"HMR_0394",1
"HMR_0395",0
"HMR_0398",1
"HMR_0402",1
"HMR_0406",1
"HMR_0410",1
"HMR_0414",1
"HMR_0415",0
"HMR_0418",1
"HMR_0419",0
"HMR_0422",1
"HMR_0423",0
"HMR_0426",1
"HMR_0427",0
"HMR_0428",2
"HMR_0429",2
"HMR_0430",1
"HMR_0431",0
"HMR_0432",2
"HMR_0433",2
"HMR_0434",1
"HMR_0435",0
"HMR_0436",2
"HMR_0437",2
"HMR_0438",1
"HMR_0439",0
"HMR_0478",0
"HMR_0482",0
"HMR_0582",2
"HMR_0586",0
"HMR_0593",2
"HMR_0597",2
"HMR_0598",2
"HMR_0601",2
"HMR_0614",2
"HMR_0625",2
"HMR_0629",2
"HMR_0634",0
"HMR_0641",0
"HMR_0642",2
"HMR_0653",0
"HMR_0654",0
"HMR_0657",0
"HMR_0672",2
"HMR_0678",2
"HMR_0750",2
"HMR_0753",2
"HMR_0758",2
"HMR_0761",2
"HMR_0765",2
"HMR_0767",2
"HMR_0770",2
"HMR_0775",2
"HMR_0783",0
"HMR_0793",1
"HMR_0795",2
"HMR_0803",1
"HMR_0805",0
"HMR_0806",0
"HMR_0807",2
"HMR_0808",2
"HMR_0810",0
"HMR_0811",1
"HMR_0812",1
"HMR_0814",0
"HMR_0815",0
"HMR_0816",0
"HMR_0817",1
"HMR_0819",1
"HMR_0820",1
"HMR_0821",2
"HMR_0822",0
"HMR_0823",0
"HMR_0824",1
"HMR_0825",1
"HMR_0827",0
"HMR_0828",2
"HMR_0829",0
"HMR_0830",1
"HMR_0835",0
"HMR_0836",2
"HMR_0837",1
"HMR_0839",0
"HMR_0841",0
"HMR_0842",0
"HMR_0843",0
"HMR_0844",1
"HMR_0846",0
"HMR_0847",1
"HMR_0848",0
"HMR_0849",1
"HMR_0851",0
"HMR_0852",0
"HMR_0853",0
"HMR_0854",0
"HMR_0855",0
"HMR_0859",0
"HMR_0860",0
"HMR_0864",0
"HMR_0867",0
"HMR_0868",0
"HMR_0870",0
"HMR_0873",0
"HMR_0875",2
"HMR_0876",0
"HMR_0877",0
"HMR_0878",0
"HMR_0889",1
"HMR_0890",2
"HMR_0906",0
"HMR_0908",0
"HMR_0909",0
"HMR_0910",0
"HMR_0911",0
"HMR_0942",1
"HMR_0946",1
"HMR_0950",1
"HMR_0954",1
"HMR_0960",2
"HMR_0963",2
"HMR_0981",0
"HMR_0985",0
"HMR_0986",0
"HMR_0987",0
"HMR_1030",0
"HMR_1033",0
"HMR_1037",0
"HMR_1039",0
"HMR_1077",0
"HMR_1081",0
"HMR_1084",1
"HMR_1085",0
"HMR_1102",1
"HMR_1126",0
"HMR_1127",0
"HMR_1129",2
"HMR_1280",1
"HMR_1305",0
"HMR_1307",0
"HMR_1312",2
"HMR_1321",1
"HMR_1325",1
"HMR_1329",1
"HMR_1388",0
"HMR_1390",0
"HMR_1392",0
"HMR_1465",2
"HMR_1470",0
"HMR_1473",1
"HMR_1477",1
"HMR_1478",1
"HMR_1479",1
"HMR_1490",2
"HMR_1493",2
"HMR_1494",2
"HMR_1495",1
"HMR_1496",1
"HMR_1502",2
"HMR_1503",2
"HMR_1504",2
"HMR_1505",1
"HMR_1509",0
"HMR_1512",2
"HMR_1516",0
"HMR_1526",0
"HMR_1532",2
"HMR_1536",1
"HMR_1538",1
"HMR_1539",1
"HMR_1540",2
"HMR_1543",2
"HMR_1544",2
"HMR_1545",2
"HMR_1546",1
"HMR_1547",0
"HMR_1548",2
"HMR_1549",2
"HMR_1550",2
"HMR_1551",1
"HMR_1552",0
"HMR_1557",0
"HMR_1558",0
"HMR_1565",0
"HMR_1620",1
"HMR_1627",1
"HMR_1629",0
"HMR_1630",0
"HMR_1631",0
"HMR_1637",0
"HMR_1651",2
"HMR_1653",2
"HMR_1665",1
"HMR_1666",1
"HMR_1681",0
"HMR_1685",0
"HMR_1706",2
"HMR_1735",0
"HMR_1737",0
"HMR_1738",0
"HMR_1739",0
"HMR_1740",0
"HMR_1741",0
"HMR_1742",0
"HMR_1743",0
"HMR_1746",0
"HMR_1747",0
"HMR_1748",0
"HMR_1749",0
"HMR_1750",0
"HMR_1751",0
"HMR_1754",1
"HMR_1756",1
"HMR_1760",0
"HMR_1761",0
"HMR_1762",0
"HMR_1765",0
"HMR_1766",0
"HMR_1767",0
"HMR_1768",0
"HMR_1769",0
"HMR_1770",0
"HMR_1771",0
"HMR_1781",0
"HMR_1783",0
"HMR_1785",0
"HMR_1786",0
"HMR_1807",0
"HMR_1838",0
"HMR_1847",0
"HMR_1897",1
"HMR_1916",1
"HMR_1927",0
"HMR_1928",0
"HMR_1929",0
"HMR_1940",0
"HMR_1941",0
"HMR_1944",0
"HMR_1948",0
"HMR_1949",0
"HMR_1958",0
"HMR_1962",0
"HMR_1967",0
"HMR_1968",0
"HMR_1970",0
"HMR_1971",0
"HMR_1976",0
"HMR_1979",0
"HMR_1980",0
"HMR_1981",0
"HMR_1982",0
"HMR_1983",0
"HMR_1988",0
"HMR_1989",0
"HMR_1990",0
"HMR_1991",0
"HMR_1992",0
"HMR_1993",0
"HMR_1996",0
"HMR_2007",0
"HMR_2010",0
"HMR_2011",0
"HMR_2014",0
"HMR_2016",1
"HMR_2018",1
"HMR_2029",1
"HMR_2041",2
"HMR_2088",2
"HMR_2089",2
"HMR_2190",2
"HMR_2193",2
"HMR_2210",2
"HMR_2211",2
"HMR_2215",2
"HMR_2217",2
"HMR_2218",2
"HMR_2219",2
"HMR_2259",2
"HMR_2260",2
"HMR_2261",2
"HMR_2262",2
"HMR_2263",2
"HMR_2264",2
"HMR_2265",2
"HMR_2266",2
"HMR_2267",2
"HMR_2268",2
"HMR_2269",2
"HMR_2270",2
"HMR_2281",0
"HMR_2282",0
"HMR_2284",0
"HMR_2286",0
"HMR_2287",0
"HMR_2288",0
"HMR_2289",0
"HMR_2292",0
"HMR_2293",0
"HMR_2294",0
"HMR_2295",0
"HMR_2296",0
"HMR_2332",2
"HMR_2334",2
"HMR_2336",2
"HMR_2338",2
"HMR_2342",2
"HMR_2343",2
"HMR_2344",2
"HMR_2345",2
"HMR_2347",2
"HMR_2348",2
"HMR_2349",2
"HMR_2350",2
"HMR_2353",2
"HMR_2354",2
"HMR_2355",2
"HMR_2356",2
"HMR_2359",0
"HMR_2361",2
"HMR_2362",2
"HMR_2363",2
"HMR_2364",2
"HMR_2365",0
"HMR_2368",0
"HMR_2380",0
"HMR_2395",2
"HMR_2433",2
"HMR_2434",2
"HMR_2435",2
"HMR_2436",2
"HMR_2440",0
"HMR_2457",1
"HMR_2472",0
"HMR_2484",0
"HMR_2530",2
"HMR_2533",2
"HMR_2535",2
"HMR_2537",2
"HMR_2540",2
"HMR_2541",2
"HMR_2542",2
"HMR_2543",2
"HMR_2581",2
"HMR_2585",0
"HMR_2602",1
"HMR_2603",2
"HMR_2604",0
"HMR_2608",1
"HMR_2609",2
"HMR_2610",0
"HMR_2611",1
"HMR_2612",2
"HMR_2613",0
"HMR_2620",1
"HMR_2621",2
"HMR_2622",0
"HMR_2624",2
"HMR_2633",1
"HMR_2634",2
"HMR_2635",0
"HMR_2644",2
"HMR_2648",1
"HMR_2649",2
"HMR_2650",0
"HMR_2651",1
"HMR_2652",2
"HMR_2653",0
"HMR_2655",2
"HMR_2657",1
"HMR_2659",0
"HMR_2660",1
"HMR_2661",2
"HMR_2662",0
"HMR_2666",1
"HMR_2667",2
"HMR_2668",0
"HMR_2669",1
"HMR_2670",2
"HMR_2671",0
"HMR_2673",2
"HMR_2675",1
"HMR_2676",2
"HMR_2677",0
"HMR_2679",2
"HMR_2681",1
"HMR_2682",2
"HMR_2683",0
"HMR_2684",1
"HMR_2685",2
"HMR_2686",0
"HMR_2687",1
"HMR_2688",2
"HMR_2689",0
"HMR_2690",1
"HMR_2691",2
"HMR_2692",0
"HMR_2693",1
"HMR_2695",2
"HMR_2697",0
"HMR_2699",1
"HMR_2700",2
"HMR_2701",0
"HMR_2702",1
"HMR_2703",2
"HMR_2704",0
"HMR_2705",1
"HMR_2706",2
"HMR_2707",0
"HMR_2708",1
"HMR_2709",2
"HMR_2710",0
"HMR_2711",1
"HMR_2712",2
"HMR_2713",0
"HMR_2715",2
"HMR_2718",2
"HMR_2722",2
"HMR_2727",2
"HMR_2731",2
"HMR_2733",1
"HMR_2734",2
"HMR_2735",0
"HMR_2736",1
"HMR_2737",2
"HMR_2738",0
"HMR_2739",1
"HMR_2740",2
"HMR_2741",0
"HMR_2744",2
"HMR_2748",2
"HMR_2753",2
"HMR_2757",2
"HMR_2760",2
"HMR_2764",2
"HMR_2768",1
"HMR_2769",2
"HMR_2770",0
"HMR_2771",1
"HMR_2772",2
"HMR_2773",0
"HMR_2774",1
"HMR_2775",2
"HMR_2776",0
"HMR_2817",0
"HMR_2819",0
"HMR_2821",0
"HMR_2827",0
"HMR_2851",0
"HMR_2852",0
"HMR_2857",0
"HMR_2859",0
"HMR_2861",0
"HMR_2862",0
"HMR_2865",0
"HMR_2866",0
"HMR_2884",0
"HMR_2886",0
"HMR_2888",0
"HMR_2890",0
"HMR_2942",2
"HMR_2943",2
"HMR_2944",2
"HMR_2945",2
"HMR_2946",2
"HMR_2947",2
"HMR_2948",2
"HMR_2951",2
"HMR_2954",2
"HMR_2955",2
"HMR_2956",2
"HMR_2961",2
"HMR_2962",2
"HMR_2963",2
"HMR_2964",2
"HMR_2965",2
"HMR_2966",2
"HMR_2967",2
"HMR_2968",2
"HMR_2969",2
"HMR_2970",2
"HMR_2971",2
"HMR_2972",2
"HMR_2973",2
"HMR_2974",2
"HMR_2975",2
"HMR_2976",2
"HMR_2977",2
"HMR_2978",2
"HMR_2979",2
"HMR_2980",2
"HMR_2982",2
"HMR_2983",2
"HMR_2985",2
"HMR_2986",2
"HMR_2988",2
"HMR_2989",2
"HMR_2990",2
"HMR_2994",2
"HMR_2998",2
"HMR_2999",2
"HMR_3001",2
"HMR_3002",2
"HMR_3003",2
"HMR_3018",0
"HMR_3021",0
"HMR_3023",0
"HMR_3057",0
"HMR_3058",0
"HMR_3059",2
"HMR_3062",0
"HMR_3063",0
"HMR_3064",2
"HMR_3065",2
"HMR_3066",0
"HMR_3067",0
"HMR_3068",2
"HMR_3069",2
"HMR_3070",0
"HMR_3071",0
"HMR_3072",2
"HMR_3073",2
"HMR_3074",0
"HMR_3075",0
"HMR_3076",2
"HMR_3094",0
"HMR_3095",0
"HMR_3096",2
"HMR_3097",2
"HMR_3098",0
"HMR_3099",0
"HMR_3100",2
"HMR_3101",2
"HMR_3102",0
"HMR_3107",2
"HMR_3108",2
"HMR_3109",2
"HMR_3110",2
"HMR_3111",2
"HMR_3112",2
"HMR_3113",2
"HMR_3114",2
"HMR_3115",2
"HMR_3116",2
"HMR_3117",2
"HMR_3118",2
"HMR_3121",2
"HMR_3128",2
"HMR_3135",2
"HMR_3142",2
"HMR_3149",2
"HMR_3156",2
"HMR_3170",2
"HMR_3171",2
"HMR_3172",2
"HMR_3173",2
"HMR_3174",2
"HMR_3175",2
"HMR_3176",2
"HMR_3177",2
"HMR_3178",2
"HMR_3179",2
"HMR_3180",2
"HMR_3181",2
"HMR_3182",2
"HMR_3183",2
"HMR_3184",2
"HMR_3185",2
"HMR_3186",2
"HMR_3187",2
"HMR_3188",2
"HMR_3189",2
"HMR_3190",2
"HMR_3191",2
"HMR_3192",2
"HMR_3193",2
"HMR_3194",2
"HMR_3195",2
"HMR_3196",2
"HMR_3197",2
"HMR_3198",2
"HMR_3199",2
"HMR_3200",2
"HMR_3201",2
"HMR_3202",2
"HMR_3203",2
"HMR_3204",2
"HMR_3205",2
"HMR_3218",2
"HMR_3219",2
"HMR_3220",2
"HMR_3221",2
"HMR_3222",2
"HMR_3223",2
"HMR_3224",2
"HMR_3225",2
"HMR_3229",2
"HMR_3230",2
"HMR_3231",2
"HMR_3232",2
"HMR_3233",2
"HMR_3234",2
"HMR_3235",2
"HMR_3236",2
"HMR_3237",2
"HMR_3240",2
"HMR_3241",2
"HMR_3242",2
"HMR_3243",2
"HMR_3244",2
"HMR_3245",2
"HMR_3246",2
"HMR_3247",2
"HMR_3296",1
"HMR_3321",0
"HMR_3322",1
"HMR_3326",0
"HMR_3327",0
"HMR_3328",2
"HMR_3329",2
"HMR_3330",0
"HMR_3331",0
"HMR_3332",2
"HMR_3333",2
"HMR_3334",0
"HMR_3335",0
"HMR_3336",2
"HMR_3337",2
"HMR_3338",0
"HMR_3339",0
"HMR_3340",2
"HMR_3341",2
"HMR_3342",0
"HMR_3343",0
"HMR_3344",2
"HMR_3345",2
"HMR_3346",0
"HMR_3347",0
"HMR_3348",2
"HMR_3349",2
"HMR_3350",0
"HMR_3351",0
"HMR_3352",2
"HMR_3353",2
"HMR_3398",2
"HMR_3406",2
"HMR_3407",2
"HMR_3408",2
"HMR_3409",2
"HMR_3411",2
"HMR_3413",2
"HMR_3414",2
"HMR_3416",2
"HMR_3421",2
"HMR_3422",2
"HMR_3423",2
"HMR_3424",2
"HMR_3425",2
"HMR_3426",2
"HMR_3427",2
"HMR_3428",2
"HMR_3429",2
"HMR_3431",2
"HMR_3432",2
"HMR_3433",2
"HMR_3446",1
"HMR_3447",1
"HMR_3448",2
"HMR_3449",2
"HMR_3450",2
"HMR_3451",2
"HMR_3452",2
"HMR_3453",2
"HMR_3454",2
"HMR_3455",2
"HMR_3456",2
"HMR_3457",1
"HMR_3475",0
"HMR_3491",0
"HMR_3505",2
"HMR_3522",2
"HMR_3625",2
"HMR_3626",2
"HMR_3627",2
"HMR_3628",2
"HMR_3629",2
"HMR_3630",2
"HMR_3631",2
"HMR_3633",2
"HMR_3635",2
"HMR_3636",2
"HMR_3637",2
"HMR_3639",2
"HMR_3640",2
"HMR_3642",2
"HMR_3644",2
"HMR_3645",2
"HMR_3646",2
"HMR_3647",2
"HMR_3648",2
"HMR_3649",2
"HMR_3650",2
"HMR_3651",2
"HMR_3652",2
"HMR_3653",2
"HMR_3654",2
"HMR_3655",2
"HMR_3656",2
"HMR_3657",2
"HMR_3658",2
"HMR_3659",2
"HMR_3660",2
"HMR_3662",2
"HMR_3663",2
"HMR_3664",2
"HMR_3665",2
"HMR_3666",2
"HMR_3667",2
"HMR_3668",2
"HMR_3669",2
"HMR_3670",2
"HMR_3675",2
"HMR_3677",2
"HMR_3678",2
"HMR_3679",2
"HMR_3680",2
"HMR_3681",2
"HMR_3682",2
"HMR_3684",2
"HMR_3685",2
"HMR_3686",2
"HMR_3687",2
"HMR_3688",2
"HMR_3689",2
"HMR_3690",2
"HMR_3692",2
"HMR_3694",2
"HMR_3695",2
"HMR_3696",2
"HMR_3698",2
"HMR_3699",2
"HMR_3701",2
"HMR_3703",2
"HMR_3704",2
"HMR_3705",2
"HMR_3706",2
"HMR_3707",2
"HMR_3708",2
"HMR_3709",2
"HMR_3710",2
"HMR_3711",2
"HMR_3712",2
"HMR_3713",2
"HMR_3714",2
"HMR_3715",2
"HMR_3716",2
"HMR_3717",2
"HMR_3718",2
"HMR_3719",2
"HMR_3721",2
"HMR_3722",2
"HMR_3723",2
"HMR_3724",2
"HMR_3725",2
"HMR_3726",2
"HMR_3727",2
"HMR_3728",2
"HMR_3729",2
"HMR_3734",2
"HMR_3736",2
"HMR_3737",2
"HMR_3738",2
"HMR_3739",2
"HMR_3740",2
"HMR_3741",2
"HMR_3831",2
"HMR_3855",2
"HMR_3859",0
"HMR_3864",1
"HMR_3915",0
"HMR_3966",2
"HMR_4079",2
"HMR_4124",1
"HMR_4182",2
"HMR_4261",0
"HMR_4263",0
"HMR_4270",1
"HMR_4278",0
"HMR_4343",0
"HMR_4422",1
"HMR_4592",2
"HMR_4630",1
"HMR_4696",0
"HMR_4700",1
"HMR_4701",0
"HMR_4756",0
"HMR_4757",1
"HMR_4764",2
"HMR_4776",2
"HMR_4777",2
"HMR_4790",0
"HMR_4938",0
"HMR_4964",2
"HMR_5301",1
"HMR_5387",2
"HMR_5389",1
"HMR_5390",1
"HMR_5420",1
"HMR_5996",2
"HMR_6359",0
"HMR_6362",0
"HMR_6363",0
"HMR_6364",0
"HMR_6365",0
"HMR_6385",0
"HMR_6397",2
"HMR_6511",1
"HMR_6515",0
"HMR_6533",0
"HMR_6534",1
"HMR_6545",2
"HMR_6549",2
"HMR_6550",1
"HMR_6558",1
"HMR_6564",1
"HMR_6566",1
"HMR_6572",0
"HMR_6583",1
"HMR_6584",1
"HMR_6595",2
"HMR_6632",2
"HMR_6633",2
"HMR_6647",0
"HMR_6728",0
"HMR_6729",0
"HMR_6747",0
"HMR_6755",2
"HMR_6770",1
"HMR_6790",0
"HMR_6826",0
"HMR_6834",0
"HMR_6838",2
"HMR_6839",0
"HMR_6844",2
"HMR_6850",2
"HMR_6854",0
"HMR_6874",0
"HMR_6907",0
"HMR_6908",0
"HMR_6909",1
"HMR_6910",0
"HMR_6975",2
"HMR_6976",2
"HMR_6977",2
"HMR_6978",2
"HMR_6989",0
"HMR_7180",1
"HMR_7181",1
"HMR_7256",1
"HMR_7278",1
"HMR_7328",2
"HMR_7329",0
"HMR_7469",1
"HMR_7628",2
"HMR_7652",2
"HMR_7700",0
"HMR_7703",0
"HMR_7748",2
"HMR_7749",2
"HMR_7755",0
"HMR_7756",0
"HMR_7757",2
"HMR_7758",2
"HMR_8271",0
"HMR_8287",0
"HMR_8395",1
"HMR_8397",0
"HMR_8399",0
"HMR_8475",0
"HMR_8476",0
"HMR_8501",2
"HMR_8570",0
"HMR_8571",0
"HMR_8572",0
"HMR_8573",0
"HMR_8574",0
"HMR_8575",0
"HMR_8576",0
"HMR_8577",0
"HMR_8578",0
"HMR_8579",0
"HMR_8580",0
"HMR_8582",0
"HMR_8585",1
"HMR_8643",1
"HMR_8670",0
"HMR_8761",0
"HMR_8762",2
"HMR_8877",0
"HMR_8884",0
"HMR_9191",2
"HMR_9561",0
"HMR_9581",0
"HMR_9582",0
"HMR_9583",0
"HMR_9584",0
"HMR_9590",1
"HMR_9593",0
"HMR_9602",0
"HMR_9603",0
"HMR_9604",0
"HMR_9605",0
"HMR_9607",2
"HMR_9608",2
"HMR_9609",2
"HMR_9610",0
"HMR_9613",0
"HMR_9614",0
"HMR_9615",0
"HMR_9617",0
"HMR_9619",0
"HMR_9620",0
"HMR_9621",0
"HMR_9622",0
"HMR_9623",0
"HMR_9624",0
"HMR_9719",2
"HMR_9726",0
"HMR_9801",0
"HMR_9802",0
"HMR_9804",2
"HMR_9805",0
"HMR_9807",1
"HMR_2957",2
"HMR_6580",2
"HMR_1635",0
"HMR_1484",2
"HMR_0980",1
"HMR_1467",2
"HMR_4816",0
"HMR_1644",2
"HMR_4772",1
"HMR_1500",0
"12DHCHOLabc",0
"12DHCHOLt",0
"12DHCHOLt2",0
"3DHCAS",0
"3DHCDCAS",0
"3DHCDCHOLabc",0
"3DHCDCHOLt",0
"3DHCDCHOLt2",0
"3DHCHOLabc",0
"3DHCHOLt",0
"3DHCHOLt2",0
"3DHDCAabc",0
"3DHDCAS",0
"3DHDCAt",0
"3DHDCAt2",0
"3DHLCAabc",0
"3DHLCAS",0
"3DHLCAt",0
"3DHLCAt2",0
"7DHCDCHOLabc",0
"7DHCDCHOLt",0
"7DHCDCHOLt2",0
"7DHCHOLabc",0
"7DHCHOLt",0
"7DHCHOLt2",0
"CA24GSc",0
"CA24GSr",0
"CA24Gte",0
"CA3Sabc",0
"CA3St",0
"CASULT",0
"CDCA24GSc",0
"CDCA24GSr",0
"CDCA24Gte",0
"CDCA3GSc",0
"CDCA3GSr",0
"CDCA3Gte",0
"HC02220t",0
"CDCA6AH",0
"COPROSTabc",0
"COPROSTt",0
"COPROSTt2",0
"DCA24GSc",0
"DCA24GSr",0
"DCA24Gte",0
"DCA3GSc",0
"DCA3GSr",0
"DCA3Gte",0
"DCA3Sabc",0
"DCA3St",0
"DCASULT",0
"GCA3Sabc",0
"GCA3St",0
"GCASULT",0
"GCDCA3Sabc",0
"GCDCA3St",0
"GCDCASULT",0
"GDCA3Sabc",0
"GDCA3St",0
"GDCASULT",0
"GUDCA3Sabc",0
"GUDCA3St",0
"GUDCASULT",0
"HCA24GSc",0
"HCA24GSr",0
"HCA24Gte",0
"HCA6GSc",0
"HCA6GSr",0
"HCA6Gte",0
"HDCA24GSc",0
"HDCA24GSr",0
"HDCA24Gte",0
"HDCA24Gtr",0
"HDCA6GSc",0
"HDCA6GSr",0
"HDCA6Gte",0
"HYOCHOLabc",0
"HYOCHOLt",0
"HYOCHOLt2",0
"ICDCHOLabc",0
"ICDCHOLt",0
"ICDCHOLt2",0
"ISOCHOLabc",0
"ISOCHOLt",0
"ISOCHOLt2",0
"LCA24GSc",0
"LCA24GSr",0
"LCA24Gte",0
"LCA3GSc",0
"LCA3GSr",0
"LCA3Gte",0
"LCA3Sabc",0
"LCA3St",0
"LCASULT",0
"TCA3Sabc",0
"TCA3St",0
"TCASULT",0
"TCDCA3Sabc",0
"TCDCA3St",0
"TCDCA6AH",0
"TCDCASULT",0
"TDCA3Sabc",0
"TDCA3St",0
"TDCASULT",0
"THYOCHOLabc",0
"THYOCHOLt",0
"THYOCHOLt2",0
"TUDCA3Sabc",0
"TUDCA3St",0
"TUDCASULT",0
"UCHOLabc",0
"UCHOLt",0
"UCHOLt2",0
"UDCA3Sabc",0
"UDCA3St",0
"UDCASULT",0
"UDCHOLt",0
"UDCHOLt2",0
"12HTACRhr",0
"14HMDZALThr",0
"14HMDZhr",0
"1HIBUP_SGLUhep",0
"1HMDGLUChr",0
"1OHMDZhr",0
"2HATVACIDGLUChr",0
"2HATVACIDGLUCteb",0
"2HATVACIDOXDhc",0
"2HATVACIDhc",0
"2HATVACIDteb",0
"2HATVACIDthc",0
"2HATVLACGLUChr",0
"2HATVLACGLUCteb",0
"2HATVLACOXDhc",0
"2HATVLACteb",0
"2HATVLACthc",0
"2HIBUP_SGLUhep",0
"35DHPVShc",0
"35DHPVSthc",0
"35DSMVhep",0
"3HIBUP_SGLUhep",0
"3HLVSTAChep",0
"3HPVSTETCOAhcm",2
"3HPVSTETCOAhcx",2
"3HPVSTETteb",0
"3HPVShc",0
"3HPVSteb",0
"3HPVSthc",0
"3HSMVACIDhep",0
"3HSMVhep",0
"3ISPVSteb",0
"3ISPVSthc",0
"3OHACMPhr",0
"4HATVACIDOXDhc",0
"4HATVACIDhc",0
"4HATVACIDteb",0
"4HATVACIDthc",0
"4HATVLACOXDhc",0
"4HATVLACteb",0
"4HATVLACthc",0
"4HMDZGLUChr",0
"4OHMDZhr",0
"56DHPVShc",0
"56DHPVSteb",0
"56EPPVShc",0
"56EPPVSteb",0
"5OHFVShc",0
"6BHGLZhr",0
"6CSMVACIDhep",0
"6CSMVhep",0
"6EPSteb",0
"6EPVSthc",0
"6HLVSTAChep",0
"6HMSMVACIDhep",0
"6HMSMVhep",0
"6HSMVACIDhep",0
"6HSMVhep",0
"6MELACAChep",0
"6MELVACtbc",0
"6MSMVhep",0
"6OHFVShc",0
"7BHGLZhr",0
"7HPVShc",0
"7HPVSteb",0
"ALLOP2tu",0
"ACMPtu",0
"ACMPGLUChr",0
"ACMPGLUTtep",0
"ACMPGLUTthc",0
"ACMPGLUtep",0
"ACMPGLUthc",0
"ACMPShc",1
"ACMPthc",0
"ALLOP1tu",0
"ALLOPOXDhep",0
"ALLOPtepvb",0
"AM19CSALThr",0
"AM1CSAhr",0
"AM9CSAhr",0
"ATVACIDMCTtu",0
"ATVACIDOATPtu",0
"ATVACIDhc",0
"ATVACIDtu",0
"ATVACYLGLUChc",0
"ATVETHGLUChc",0
"ATVLACGLCURhc",0
"ATVLACThc",0
"ATVLACtu",0
"CARIBUP_SGLUhep",0
"CRVS1M24hc",0
"CRVS23M24hc",0
"CRVSATPtu",0
"CRVSM1hc",0
"CRVSM1hr",2
"CRVSM1teb",0
"CRVSM23hc",0
"CRVSM23hr",2
"CRVSM23teb",0
"CRVSM24teb",0
"CRVSthc",0
"CSAtu",0
"CVM1GLUChc",0
"CVM23GLUChc",0
"DEOXFVShc",2
"DESFVShc",0
"DSPVShc",0
"DSPVSteb",0
"FVStu",0
"GLC3MEACPhr",0
"IBUPGT_HEP",0
"IBUP_RASCL1hep",0
"IBUP_RCYP2hep",0
"IBUP_RCYP3hep",0
"IBUP_RCYPCARhep",0
"IBUP_Rshep",0
"IBUP_SACOT2",0
"IBUP_SCYP1hep",0
"IBUP_SCYP2hep",0
"IBUP_SCYP3hep",0
"IBUP_SCYPCARhep",0
"ISOLVSTtbc",0
"LST4EXPhr",0
"LSTN1GLUChr",0
"LSTNtu",0
"LSTNM1hr",0
"LSTNM2hr",0
"LSTNM5hr",0
"LSTNM7hr",0
"LVSTACIDhep",0
"LVSTACIDtu",0
"LVSTACOXD6Hhep",0
"LVSTACOXD6MEhep",0
"LVSTOXD3Hhep",0
"LVSTOXD6Hhep",0
"LVSTOXD6METhep",0
"LVSTPGPtu",0
"MDZtu",0
"MERACMPtep",0
"MERACMPthc",0
"MHGLZhr",0
"NDERSVhc",0
"NDERSVteb",0
"NFDACOXDhc",0
"OXYPthc",0
"PROFVSCOAhc",2
"PTVSTATPtu",0
"PTVSTGLUChc",0
"PTVSTM13hr",0
"PTVSTM3eb",0
"PTVSTM3hc",0
"PTVSThc",0
"PTVSTtu",0
"PVSATPtu",0
"PVSGLUCteb",0
"PVSOATPtu",0
"RSVATPtu",0
"RSVLACteb",0
"RSVSPONhc",0
"RSVtu",0
"SMVACIDATPteb",0
"SMVACIDhep",2
"SMVtu",0
"SMVGLUChep",0
"SMVHYDROhep",0
"SMVthep",0
"SULPACMPtev",0
"TACRtu",0
"TMDM1hr",0
"TMDM5hr",0
"TMDOATthc",0
"TRIPVShc",0
"TRIPVSteb",0
"ATPS4mi",1
"CYOR_u10mi",0
"Htmi",0
"NADH2_u10mi",0
"CYOOm3i",0
"CYOOm2i",0
